,Team,Attribute,Median,Mean,Std
0,all,MP,11.0,11.458333333333334,6.5845573388677545
1,West Ham,MP,14.0,13.363636363636363,3.4719656470860216
2,Manchester City,MP,10.5,10.7,4.8545511292669135
3,Leicester City,MP,10.0,11.090909090909092,7.272613635475838
4,Southampton,MP,8.0,9.357142857142858,5.499750244079521
5,Brighton,MP,12.0,11.6,6.727342926976658
6,Ipswich Town,MP,10.0,12.375,7.022582620850158
7,Bournemouth,MP,10.0,11.88888888888889,6.936217348894937
8,Manchester Utd,MP,6.0,7.285714285714286,5.783644996933115
9,Aston Villa,MP,10.0,11.071428571428571,5.9544977920932975
10,Tottenham,MP,7.0,8.272727272727273,4.941475672122834
11,Everton,MP,10.0,8.714285714285714,5.122313465427046
12,Chelsea,MP,7.0,10.076923076923077,6.102752636605038
13,Crystal Palace,MP,12.0,10.333333333333334,8.573214099741124
14,Brentford,MP,8.0,9.714285714285714,7.040698017343776
15,Arsenal,MP,14.0,15.0,4.06201920231798
16,Newcastle Utd,MP,11.0,13.3,7.528464503321894
17,Liverpool,MP,14.0,13.142857142857142,3.132015933791495
18,Wolves,MP,15.0,14.727272727272727,8.439086551172574
19,Nott'ham Forest,MP,12.0,14.4,8.669230390037836
20,Fulham,MP,11.5,15.25,8.548182764273854
21,all,Starts,4.0,4.564814814814815,3.271506723914336
22,West Ham,Starts,6.0,5.181818181818182,3.7634606897955454
23,Manchester City,Starts,6.5,6.5,3.2058973436118907
24,Leicester City,Starts,5.0,4.909090909090909,2.9480347845486987
25,Southampton,Starts,4.0,4.785714285714286,3.0679126311040728
26,Brighton,Starts,5.0,5.066666666666666,3.1502078540644782
27,Ipswich Town,Starts,4.5,5.4375,3.8465352375005395
28,Bournemouth,Starts,5.0,4.111111111111111,2.6666666666666665
29,Manchester Utd,Starts,2.0,3.5,3.8779455306207615
30,Aston Villa,Starts,4.0,3.642857142857143,2.437121342805983
31,Tottenham,Starts,4.0,4.545454545454546,3.1420896347378875
32,Everton,Starts,4.0,3.857142857142857,2.6726124191242437
33,Chelsea,Starts,3.0,4.538461538461538,3.5966508637755537
34,Crystal Palace,Starts,1.0,2.6666666666666665,2.7386127875258306
35,Brentford,Starts,2.0,2.4285714285714284,2.6367367999823097
36,Arsenal,Starts,6.0,6.888888888888889,3.1797973380564852
37,Newcastle Utd,Starts,2.5,4.0,3.8873012632302
38,Liverpool,Starts,4.0,4.142857142857143,3.7606990231680526
39,Wolves,Starts,6.0,5.545454545454546,3.0451153135353137
40,Nott'ham Forest,Starts,4.0,4.0,3.018461712712472
41,Fulham,Starts,4.0,4.25,3.1052950170405937
42,all,Min,446.0,461.1296296296296,274.72626858909115
43,West Ham,Min,589.0,526.7272727272727,291.75712190419307
44,Manchester City,Min,598.0,597.8,274.7438402908749
45,Leicester City,Min,540.0,495.09090909090907,279.73753932765425
46,Southampton,Min,346.0,439.07142857142856,254.23473837735511
47,Brighton,Min,440.0,474.0,280.0216828339242
48,Ipswich Town,Min,507.0,517.8125,271.15240947973643
49,Bournemouth,Min,362.0,411.44444444444446,218.62073958748235
50,Manchester Utd,Min,176.0,337.5,313.97764496610506
51,Aston Villa,Min,460.0,438.2857142857143,240.07865011649463
52,Tottenham,Min,482.0,440.1818181818182,249.62764998365796
53,Everton,Min,334.0,399.42857142857144,258.12132621621765
54,Chelsea,Min,364.0,429.2307692307692,275.27082235686663
55,Crystal Palace,Min,139.0,309.0,272.96061987033954
56,Brentford,Min,183.0,291.14285714285717,249.38085236001888
57,Arsenal,Min,703.0,637.0,242.04803242331883
58,Newcastle Utd,Min,278.0,425.1,323.89725737235466
59,Liverpool,Min,519.0,471.57142857142856,263.86098432246297
60,Wolves,Min,651.0,596.2727272727273,264.31953802513004
61,Nott'ham Forest,Min,347.5,452.5,300.7668901694836
62,Fulham,Min,450.5,484.25,318.6326814912207
63,all,Gls,0.0,0.6527777777777778,1.2849003822273781
64,West Ham,Gls,0.0,0.5454545454545454,0.9341987329938275
65,Manchester City,Gls,0.5,1.4,1.9550504398153572
66,Leicester City,Gls,0.0,0.18181818181818182,0.4045199174779452
67,Southampton,Gls,0.0,0.35714285714285715,1.0818177620697813
68,Brighton,Gls,0.0,0.5333333333333333,0.7432233529572065
69,Ipswich Town,Gls,0.0,0.75,1.1254628677422756
70,Bournemouth,Gls,0.0,0.5555555555555556,0.881917103688197
71,Manchester Utd,Gls,0.0,0.2857142857142857,1.0690449676496974
72,Aston Villa,Gls,0.0,1.3571428571428572,2.060886398434602
73,Tottenham,Gls,0.0,0.5454545454545454,1.2933395813657267
74,Everton,Gls,0.0,0.42857142857142855,0.7867957924694431
75,Chelsea,Gls,0.0,0.5384615384615384,0.8770580193070292
76,Crystal Palace,Gls,0.0,0.2222222222222222,0.44095855184409843
77,Brentford,Gls,0.0,0.2857142857142857,0.7559289460184546
78,Arsenal,Gls,0.0,1.1111111111111112,1.536590742882148
79,Newcastle Utd,Gls,0.0,0.2,0.42163702135578396
80,Liverpool,Gls,0.0,0.0,0.0
81,Wolves,Gls,0.0,0.9090909090909091,1.1361818036340356
82,Nott'ham Forest,Gls,0.0,0.5,0.97182531580755
83,Fulham,Gls,1.0,2.375,2.9730936268953445
84,all,Ast,0.0,0.4351851851851852,0.7379815104275912
85,West Ham,Ast,0.0,0.6363636363636364,0.8090398349558906
86,Manchester City,Ast,0.0,0.1,0.31622776601683794
87,Leicester City,Ast,0.0,0.45454545454545453,0.8201995322647243
88,Southampton,Ast,0.0,0.2857142857142857,0.6112498455021267
89,Brighton,Ast,0.0,0.6,0.9856107606091622
90,Ipswich Town,Ast,0.0,0.4375,0.8139410298049853
91,Bournemouth,Ast,0.0,0.3333333333333333,0.5
92,Manchester Utd,Ast,0.0,0.14285714285714285,0.3631365196012815
93,Aston Villa,Ast,0.0,0.42857142857142855,0.7559289460184544
94,Tottenham,Ast,0.0,0.6363636363636364,1.0269106361049412
95,Everton,Ast,0.0,0.2857142857142857,0.48795003647426655
96,Chelsea,Ast,0.0,0.5384615384615384,0.6602252917735248
97,Crystal Palace,Ast,0.0,0.1111111111111111,0.3333333333333333
98,Brentford,Ast,0.0,0.42857142857142855,0.7867957924694431
99,Arsenal,Ast,1.0,0.7777777777777778,0.8333333333333334
100,Newcastle Utd,Ast,0.0,0.3,0.6749485577105528
101,Liverpool,Ast,0.0,0.42857142857142855,0.5345224838248487
102,Wolves,Ast,0.0,0.7272727272727273,1.2720777563426766
103,Nott'ham Forest,Ast,0.0,0.4,0.5163977794943222
104,Fulham,Ast,0.5,0.625,0.7440238091428449
105,all,CrdY,1.0,1.2175925925925926,1.3308034784909002
106,West Ham,CrdY,2.0,1.4545454545454546,1.2135597524338357
107,Manchester City,CrdY,1.0,1.3,1.2516655570345725
108,Leicester City,CrdY,1.0,1.3636363636363635,2.0135901903181432
109,Southampton,CrdY,1.0,1.0714285714285714,1.3847680013570567
110,Brighton,CrdY,0.0,0.8666666666666667,1.4074631010979934
111,Ipswich Town,CrdY,1.0,1.4375,1.0935416468216166
112,Bournemouth,CrdY,1.0,1.1111111111111112,1.0540925533894598
113,Manchester Utd,CrdY,1.0,1.1428571428571428,1.3506205330054124
114,Aston Villa,CrdY,1.0,1.3571428571428572,1.3363062095621219
115,Tottenham,CrdY,0.0,0.7272727272727273,1.348399724926484
116,Everton,CrdY,1.0,2.0,2.0
117,Chelsea,CrdY,1.0,1.1538461538461537,1.143543749793731
118,Crystal Palace,CrdY,1.0,1.1111111111111112,1.5365907428821477
119,Brentford,CrdY,1.0,0.8571428571428571,0.8997354108424372
120,Arsenal,CrdY,1.0,2.0,1.8708286933869707
121,Newcastle Utd,CrdY,0.5,0.8,0.9189365834726815
122,Liverpool,CrdY,1.0,1.1428571428571428,1.0690449676496974
123,Wolves,CrdY,1.0,1.0,1.0954451150103321
124,Nott'ham Forest,CrdY,1.5,1.6,1.4298407059684812
125,Fulham,CrdY,1.0,1.125,1.1259916264596033
126,all,CrdR,0.0,0.037037037037037035,0.1892912571072064
127,West Ham,CrdR,0.0,0.0,0.0
128,Manchester City,CrdR,0.0,0.0,0.0
129,Leicester City,CrdR,0.0,0.0,0.0
130,Southampton,CrdR,0.0,0.07142857142857142,0.2672612419124244
131,Brighton,CrdR,0.0,0.0,0.0
132,Ipswich Town,CrdR,0.0,0.0625,0.25
133,Bournemouth,CrdR,0.0,0.0,0.0
134,Manchester Utd,CrdR,0.0,0.07142857142857142,0.26726124191242434
135,Aston Villa,CrdR,0.0,0.14285714285714285,0.3631365196012815
136,Tottenham,CrdR,0.0,0.0,0.0
137,Everton,CrdR,0.0,0.0,0.0
138,Chelsea,CrdR,0.0,0.0,0.0
139,Crystal Palace,CrdR,0.0,0.1111111111111111,0.3333333333333333
140,Brentford,CrdR,0.0,0.0,0.0
141,Arsenal,CrdR,0.0,0.0,0.0
142,Newcastle Utd,CrdR,0.0,0.0,0.0
143,Liverpool,CrdR,0.0,0.0,0.0
144,Wolves,CrdR,0.0,0.0,0.0
145,Nott'ham Forest,CrdR,0.0,0.1,0.31622776601683794
146,Fulham,CrdR,0.0,0.125,0.3535533905932738
147,all,xG,0.3,0.7157407407407407,1.0676783800235357
148,West Ham,xG,0.5,0.8999999999999999,0.9033271832508972
149,Manchester City,xG,0.35,1.1,1.5627610892974724
150,Leicester City,xG,0.1,0.31818181818181823,0.42383530248949725
151,Southampton,xG,0.15000000000000002,0.40714285714285714,0.8668814892956916
152,Brighton,xG,0.4,0.56,0.6853570498027184
153,Ipswich Town,xG,0.45,0.76875,0.9603601754897307
154,Bournemouth,xG,0.6,0.8555555555555556,0.9951270159018787
155,Manchester Utd,xG,0.05,0.37142857142857144,0.5889084706583757
156,Aston Villa,xG,0.6499999999999999,1.3000000000000003,1.640356434062192
157,Tottenham,xG,0.4,0.8,1.1322543883774527
158,Everton,xG,0.2,0.3857142857142858,0.45250624831255626
159,Chelsea,xG,0.2,0.7307692307692306,1.3499287730497829
160,Crystal Palace,xG,0.2,0.6777777777777777,1.3791100189776175
161,Brentford,xG,0.1,0.42857142857142866,0.9159954252329096
162,Arsenal,xG,0.4,0.8333333333333335,0.9219544457292888
163,Newcastle Utd,xG,0.35,0.39,0.4532597979574677
164,Liverpool,xG,0.3,0.3,0.282842712474619
165,Wolves,xG,0.6,1.0,1.1384199576606167
166,Nott'ham Forest,xG,0.15000000000000002,0.5700000000000001,0.8340663442836347
167,Fulham,xG,0.7000000000000001,1.55,2.021314989237028
168,all,xAG,0.2,0.5046296296296297,0.6260075427525758
169,West Ham,xAG,1.1,0.9,0.6899275324264136
170,Manchester City,xAG,0.2,0.49000000000000005,0.6806043066438988
171,Leicester City,xAG,0.1,0.3818181818181818,0.5400336689840399
172,Southampton,xAG,0.05,0.2285714285714286,0.3429029273459438
173,Brighton,xAG,0.4,0.6066666666666668,0.5762770497731434
174,Ipswich Town,xAG,0.2,0.38125,0.47077064479425645
175,Bournemouth,xAG,0.4,0.6333333333333333,0.6461423991660042
176,Manchester Utd,xAG,0.1,0.4642857142857143,0.8298351484640631
177,Aston Villa,xAG,0.2,0.5499999999999999,0.8635793135371127
178,Tottenham,xAG,0.3,0.6272727272727273,0.768232919225555
179,Everton,xAG,0.2,0.3,0.45460605656619524
180,Chelsea,xAG,0.7,0.6461538461538462,0.6372014132326145
181,Crystal Palace,xAG,0.2,0.28888888888888886,0.47813294292603514
182,Brentford,xAG,0.1,0.38571428571428573,0.5871642911161278
183,Arsenal,xAG,0.5,0.5555555555555555,0.3086709862908689
184,Newcastle Utd,xAG,0.1,0.32,0.5769652406245014
185,Liverpool,xAG,0.1,0.48571428571428577,0.666904719402933
186,Wolves,xAG,0.1,0.5272727272727272,0.6357529537342459
187,Nott'ham Forest,xAG,0.25,0.63,0.928619046398109
188,Fulham,xAG,0.8,0.6625000000000001,0.42405356804468536
189,all,PrgC,5.5,8.930555555555555,10.444528629601894
190,West Ham,PrgC,6.0,10.272727272727273,10.228302978411511
191,Manchester City,PrgC,11.0,15.4,19.861744356649265
192,Leicester City,PrgC,4.0,9.818181818181818,12.048387293062767
193,Southampton,PrgC,3.0,4.285714285714286,4.121772796869204
194,Brighton,PrgC,7.0,9.866666666666667,9.963265863494092
195,Ipswich Town,PrgC,8.0,9.1875,9.579274502800304
196,Bournemouth,PrgC,3.0,7.888888888888889,9.11652955411823
197,Manchester Utd,PrgC,4.0,6.285714285714286,7.620100659829507
198,Aston Villa,PrgC,9.5,11.071428571428571,8.695394764465274
199,Tottenham,PrgC,8.0,12.363636363636363,14.520831431241994
200,Everton,PrgC,5.0,5.857142857142857,5.639993245521116
201,Chelsea,PrgC,5.0,6.538461538461538,6.132092962648569
202,Crystal Palace,PrgC,2.0,6.666666666666667,11.478240283248997
203,Brentford,PrgC,4.0,4.142857142857143,2.7945525240230875
204,Arsenal,PrgC,12.0,16.333333333333332,12.349089035228468
205,Newcastle Utd,PrgC,2.5,5.3,10.231215850414738
206,Liverpool,PrgC,5.0,7.857142857142857,9.54687682663064
207,Wolves,PrgC,7.0,10.0,9.989994994993742
208,Nott'ham Forest,PrgC,1.5,6.7,9.499122766515512
209,Fulham,PrgC,10.0,12.75,14.250313279764365
210,all,PrgP_x,12.5,16.375,14.856934016549074
211,West Ham,PrgP_x,18.0,16.727272727272727,13.535811088301351
212,Manchester City,PrgP_x,27.0,31.3,20.709901013766338
213,Leicester City,PrgP_x,10.0,11.454545454545455,9.832229008354478
214,Southampton,PrgP_x,8.0,10.357142857142858,9.880883975225503
215,Brighton,PrgP_x,14.0,18.8,15.584791121016485
216,Ipswich Town,PrgP_x,9.0,11.3125,10.549684039502479
217,Bournemouth,PrgP_x,14.0,15.333333333333334,14.89127261183543
218,Manchester Utd,PrgP_x,7.0,12.0,12.907958189248392
219,Aston Villa,PrgP_x,13.5,16.428571428571427,12.677747225957566
220,Tottenham,PrgP_x,12.0,14.545454545454545,15.1219286889182
221,Everton,PrgP_x,9.0,10.285714285714286,8.92028186614238
222,Chelsea,PrgP_x,16.0,17.53846153846154,14.350466802020673
223,Crystal Palace,PrgP_x,7.0,9.11111111111111,6.353039517515306
224,Brentford,PrgP_x,11.0,14.285714285714286,19.076287948779814
225,Arsenal,PrgP_x,35.0,32.44444444444444,14.379769740081993
226,Newcastle Utd,PrgP_x,6.5,11.9,14.114216631152829
227,Liverpool,PrgP_x,25.0,24.857142857142858,22.04108717394684
228,Wolves,PrgP_x,12.0,18.363636363636363,16.72885368023002
229,Nott'ham Forest,PrgP_x,12.5,12.3,9.534149149242422
230,Fulham,PrgP_x,31.0,27.25,16.5938887201627
231,all,PrgR_x,10.0,19.87037037037037,23.587774757312797
232,West Ham,PrgR_x,21.0,24.818181818181817,23.27151985504248
233,Manchester City,PrgR_x,10.5,26.4,38.16979608713326
234,Leicester City,PrgR_x,9.0,20.818181818181817,22.359866644585257
235,Southampton,PrgR_x,8.0,13.5,15.02689895845754
236,Brighton,PrgR_x,17.0,24.266666666666666,29.38528948462543
237,Ipswich Town,PrgR_x,16.5,19.6875,18.46336462656071
238,Bournemouth,PrgR_x,18.0,22.88888888888889,23.502363947294988
239,Manchester Utd,PrgR_x,6.5,15.642857142857142,23.457349653088535
240,Aston Villa,PrgR_x,13.0,20.714285714285715,23.374636390190677
241,Tottenham,PrgR_x,10.0,23.09090909090909,29.723574971576163
242,Everton,PrgR_x,9.0,8.714285714285714,8.557925872435169
243,Chelsea,PrgR_x,6.0,12.538461538461538,18.72438421157193
244,Crystal Palace,PrgR_x,8.0,13.222222222222221,19.810210610804834
245,Brentford,PrgR_x,4.0,10.0,10.503967504392486
246,Arsenal,PrgR_x,27.0,36.111111111111114,33.520308935197946
247,Newcastle Utd,PrgR_x,9.0,15.2,22.64116212172472
248,Liverpool,PrgR_x,4.0,13.714285714285714,15.326603077810878
249,Wolves,PrgR_x,25.0,25.454545454545453,25.559200442751084
250,Nott'ham Forest,PrgR_x,3.5,13.8,19.06596735314291
251,Fulham,PrgR_x,30.0,35.625,26.613302259262323
252,all,Gls_per90,0.0,0.10689814814814814,0.2068458785785368
253,West Ham,Gls_per90,0.0,0.09090909090909091,0.15725485973123665
254,Manchester City,Gls_per90,0.06,0.223,0.3040851488938218
255,Leicester City,Gls_per90,0.0,0.023636363636363636,0.05277740563398835
256,Southampton,Gls_per90,0.0,0.037142857142857144,0.10380666729947637
257,Brighton,Gls_per90,0.0,0.08600000000000001,0.12181953866272849
258,Ipswich Town,Gls_per90,0.0,0.10625000000000001,0.14755225063233252
259,Bournemouth,Gls_per90,0.0,0.12444444444444445,0.20119089884430105
260,Manchester Utd,Gls_per90,0.0,0.02642857142857143,0.09888665950759704
261,Aston Villa,Gls_per90,0.0,0.25214285714285717,0.3713008021998952
262,Tottenham,Gls_per90,0.0,0.10909090909090909,0.27311003443500736
263,Everton,Gls_per90,0.0,0.055714285714285716,0.09554355775546265
264,Chelsea,Gls_per90,0.0,0.13538461538461538,0.24747442240278036
265,Crystal Palace,Gls_per90,0.0,0.034444444444444444,0.07367345368433448
266,Brentford,Gls_per90,0.0,0.05714285714285715,0.1511857892036909
267,Arsenal,Gls_per90,0.0,0.1322222222222222,0.1872016144279863
268,Newcastle Utd,Gls_per90,0.0,0.123,0.28581462523810774
269,Liverpool,Gls_per90,0.0,0.0,0.0
270,Wolves,Gls_per90,0.0,0.11454545454545455,0.1463805749656447
271,Nott'ham Forest,Gls_per90,0.0,0.08700000000000001,0.14298795598075928
272,Fulham,Gls_per90,0.18,0.3075,0.3501326279324124
273,all,Ast_per90,0.0,0.07509259259259259,0.1402986540098234
274,West Ham,Ast_per90,0.0,0.11545454545454546,0.1956202257622476
275,Manchester City,Ast_per90,0.0,0.012,0.03794733192202055
276,Leicester City,Ast_per90,0.0,0.06545454545454546,0.11639275203926026
277,Southampton,Ast_per90,0.0,0.04928571428571428,0.13419069586652743
278,Brighton,Ast_per90,0.0,0.08333333333333333,0.1526745683128785
279,Ipswich Town,Ast_per90,0.0,0.07125000000000001,0.12935094381822912
280,Bournemouth,Ast_per90,0.0,0.09333333333333334,0.14730919862656236
281,Manchester Utd,Ast_per90,0.0,0.012857142857142857,0.03268228676411533
282,Aston Villa,Ast_per90,0.0,0.06857142857142857,0.12526016880920243
283,Tottenham,Ast_per90,0.0,0.1290909090909091,0.20290167793562208
284,Everton,Ast_per90,0.0,0.048571428571428564,0.08315218406202998
285,Chelsea,Ast_per90,0.0,0.14846153846153848,0.24619931471087111
286,Crystal Palace,Ast_per90,0.0,0.011111111111111112,0.03333333333333334
287,Brentford,Ast_per90,0.0,0.06142857142857144,0.10526610271570039
288,Arsenal,Ast_per90,0.1,0.11666666666666667,0.1433527118683145
289,Newcastle Utd,Ast_per90,0.0,0.049,0.10650508595054668
290,Liverpool,Ast_per90,0.0,0.10857142857142857,0.16757372222682282
291,Wolves,Ast_per90,0.0,0.09,0.15079787796915445
292,Nott'ham Forest,Ast_per90,0.0,0.074,0.11276327219248099
293,Fulham,Ast_per90,0.045,0.1,0.14899664425751338
294,all,xG_per90,0.07,0.13421296296296298,0.17567234569072715
295,West Ham,xG_per90,0.19,0.19636363636363632,0.20953628455581277
296,Manchester City,xG_per90,0.05500000000000001,0.177,0.2658341170312377
297,Leicester City,xG_per90,0.02,0.047272727272727286,0.05515268064036582
298,Southampton,xG_per90,0.035,0.06285714285714286,0.08398063617731918
299,Brighton,xG_per90,0.09,0.10533333333333333,0.09334013580652727
300,Ipswich Town,xG_per90,0.07,0.11812500000000001,0.12749999999999997
301,Bournemouth,xG_per90,0.09,0.20555555555555555,0.2493547227902006
302,Manchester Utd,xG_per90,0.025,0.1,0.18493242008906932
303,Aston Villa,xG_per90,0.10500000000000001,0.27357142857142863,0.3019578967812755
304,Tottenham,xG_per90,0.07,0.15363636363636363,0.23118272977334303
305,Everton,xG_per90,0.04,0.09142857142857144,0.1096096971726759
306,Chelsea,xG_per90,0.08,0.14,0.1706848948598948
307,Crystal Palace,xG_per90,0.08,0.13333333333333336,0.14974979131871938
308,Brentford,xG_per90,0.03,0.10142857142857142,0.17458795027421675
309,Arsenal,xG_per90,0.08,0.12555555555555556,0.14143117682384523
310,Newcastle Utd,xG_per90,0.10500000000000001,0.10600000000000001,0.09359487165438071
311,Liverpool,xG_per90,0.05,0.08142857142857143,0.11509830167130637
312,Wolves,xG_per90,0.08,0.12636363636363637,0.12492179371692733
313,Nott'ham Forest,xG_per90,0.02,0.11300000000000002,0.16773325384205853
314,Fulham,xG_per90,0.21000000000000002,0.22125,0.17480090715684843
315,all,xAG_per90,0.055,0.09490740740740741,0.11649928931110004
316,West Ham,xAG_per90,0.17,0.16181818181818183,0.11470119282886136
317,Manchester City,xAG_per90,0.03,0.062,0.07656515018088988
318,Leicester City,xAG_per90,0.02,0.07272727272727274,0.1013006326822206
319,Southampton,xAG_per90,0.015,0.03928571428571428,0.06293638860777612
320,Brighton,xAG_per90,0.1,0.10400000000000001,0.07028513356322232
321,Ipswich Town,xAG_per90,0.05,0.061875000000000006,0.06379328595811108
322,Bournemouth,xAG_per90,0.1,0.17,0.21903196113809512
323,Manchester Utd,xAG_per90,0.04,0.085,0.1114761098932102
324,Aston Villa,xAG_per90,0.04,0.09071428571428573,0.12940480823989656
325,Tottenham,xAG_per90,0.11,0.11454545454545455,0.1314810736466383
326,Everton,xAG_per90,0.03,0.06285714285714286,0.08479667558622915
327,Chelsea,xAG_per90,0.11,0.18076923076923077,0.21948658039697774
328,Crystal Palace,xAG_per90,0.06,0.06777777777777778,0.06220485868840508
329,Brentford,xAG_per90,0.06,0.07142857142857142,0.06593647736738024
330,Arsenal,xAG_per90,0.09,0.10777777777777778,0.12537720863236843
331,Newcastle Utd,xAG_per90,0.025,0.063,0.06912950809089334
332,Liverpool,xAG_per90,0.02,0.11,0.15121728296285009
333,Wolves,xAG_per90,0.02,0.06727272727272728,0.07281358514603015
334,Nott'ham Forest,xAG_per90,0.06999999999999999,0.098,0.11419281938896159
335,Fulham,xAG_per90,0.135,0.12,0.07010196655077312
336,all,Cmp,142.5,180.9814814814815,146.4104445048938
337,West Ham,Cmp,114.0,194.36363636363637,161.1820540427952
338,Manchester City,Cmp,363.5,356.1,196.49848741289472
339,Leicester City,Cmp,126.0,155.9090909090909,111.97808227100029
340,Southampton,Cmp,139.5,166.42857142857142,119.83752737366106
341,Brighton,Cmp,144.0,216.6,174.4713648220164
342,Ipswich Town,Cmp,139.5,120.0625,72.82075596970962
343,Bournemouth,Cmp,100.0,127.0,78.19846545808939
344,Manchester Utd,Cmp,100.0,150.57142857142858,138.14524924915042
345,Aston Villa,Cmp,172.5,201.21428571428572,163.13947716904394
346,Tottenham,Cmp,132.0,180.63636363636363,194.76974751088665
347,Everton,Cmp,57.0,85.28571428571429,84.74808608598838
348,Chelsea,Cmp,171.0,214.0,148.6388239996536
349,Crystal Palace,Cmp,70.0,95.77777777777777,62.287193261893286
350,Brentford,Cmp,76.0,108.42857142857143,103.67554700901773
351,Arsenal,Cmp,304.0,307.77777777777777,147.75383055760162
352,Newcastle Utd,Cmp,130.5,142.4,101.51650112173883
353,Liverpool,Cmp,289.0,274.7142857142857,129.24100779256597
354,Wolves,Cmp,184.0,198.1818181818182,126.18781096589177
355,Nott'ham Forest,Cmp,102.0,157.3,150.9054523718595
356,Fulham,Cmp,105.0,156.625,155.2729739155254
357,all,TotDist_x,2252.0,3044.152777777778,2572.1056327166493
358,West Ham,TotDist_x,2183.0,3190.4545454545455,2814.0232537644874
359,Manchester City,TotDist_x,5901.0,5604.6,3275.6459651325094
360,Leicester City,TotDist_x,1883.0,2610.2727272727275,1833.4469226519261
361,Southampton,TotDist_x,2516.5,2761.285714285714,1967.345670951343
362,Brighton,TotDist_x,2372.0,3618.133333333333,3108.0120625493687
363,Ipswich Town,TotDist_x,2142.5,2222.9375,1779.5065783806476
364,Bournemouth,TotDist_x,2451.0,2307.222222222222,1330.4328973850745
365,Manchester Utd,TotDist_x,1427.0,2323.714285714286,2249.832521239386
366,Aston Villa,TotDist_x,2566.0,3314.0,3028.4568042791393
367,Tottenham,TotDist_x,2383.0,3248.5454545454545,3715.6794631301655
368,Everton,TotDist_x,1046.0,1632.2857142857142,1985.8025845390334
369,Chelsea,TotDist_x,2843.0,3653.3846153846152,2708.3197908931634
370,Crystal Palace,TotDist_x,1411.0,1606.7777777777778,1054.1063487354795
371,Brentford,TotDist_x,1445.0,1979.2857142857142,1897.8743121613468
372,Arsenal,TotDist_x,4814.0,4786.111111111111,2584.048153791084
373,Newcastle Utd,TotDist_x,2055.0,2366.4,1860.1625496475062
374,Liverpool,TotDist_x,5339.0,4830.857142857143,2275.9728636762075
375,Wolves,TotDist_x,3192.0,3725.818181818182,2764.2313151464664
376,Nott'ham Forest,TotDist_x,1535.0,2470.0,2519.0817551022215
377,Fulham,TotDist_x,1655.5,2535.5,2477.630665431334
378,all,KP,9.0,13.523148148148149,14.002306165415861
379,West Ham,KP,11.0,17.90909090909091,18.849162026225706
380,Manchester City,KP,25.5,28.7,19.799270469164036
381,Leicester City,KP,7.0,10.545454545454545,9.103445901016125
382,Southampton,KP,7.0,8.714285714285714,7.300459115473718
383,Brighton,KP,11.0,14.2,13.862590976128113
384,Ipswich Town,KP,6.5,8.0625,8.25
385,Bournemouth,KP,9.0,12.333333333333334,11.157956802210697
386,Manchester Utd,KP,6.5,10.0,13.167559203763444
387,Aston Villa,KP,11.5,12.142857142857142,9.08809147144804
388,Tottenham,KP,6.0,10.181818181818182,14.647990864403091
389,Everton,KP,6.0,7.142857142857143,5.0142653642240695
390,Chelsea,KP,14.0,20.307692307692307,20.4506911675564
391,Crystal Palace,KP,9.0,9.555555555555555,5.592653911854173
392,Brentford,KP,3.0,9.714285714285714,13.536546651125434
393,Arsenal,KP,24.0,25.22222222222222,16.588985636392735
394,Newcastle Utd,KP,6.0,8.4,9.203863922891903
395,Liverpool,KP,18.0,19.428571428571427,11.443442705426586
396,Wolves,KP,10.0,14.545454545454545,14.208192259141457
397,Nott'ham Forest,KP,8.0,13.5,17.852793121027933
398,Fulham,KP,10.0,14.25,15.011900041538475
399,all,1/3_x,9.0,13.523148148148149,14.002306165415861
400,West Ham,1/3_x,11.0,17.90909090909091,18.849162026225706
401,Manchester City,1/3_x,25.5,28.7,19.799270469164036
402,Leicester City,1/3_x,7.0,10.545454545454545,9.103445901016125
403,Southampton,1/3_x,7.0,8.714285714285714,7.300459115473718
404,Brighton,1/3_x,11.0,14.2,13.862590976128113
405,Ipswich Town,1/3_x,6.5,8.0625,8.25
406,Bournemouth,1/3_x,9.0,12.333333333333334,11.157956802210697
407,Manchester Utd,1/3_x,6.5,10.0,13.167559203763444
408,Aston Villa,1/3_x,11.5,12.142857142857142,9.08809147144804
409,Tottenham,1/3_x,6.0,10.181818181818182,14.647990864403091
410,Everton,1/3_x,6.0,7.142857142857143,5.0142653642240695
411,Chelsea,1/3_x,14.0,20.307692307692307,20.4506911675564
412,Crystal Palace,1/3_x,9.0,9.555555555555555,5.592653911854173
413,Brentford,1/3_x,3.0,9.714285714285714,13.536546651125434
414,Arsenal,1/3_x,24.0,25.22222222222222,16.588985636392735
415,Newcastle Utd,1/3_x,6.0,8.4,9.203863922891903
416,Liverpool,1/3_x,18.0,19.428571428571427,11.443442705426586
417,Wolves,1/3_x,10.0,14.545454545454545,14.208192259141457
418,Nott'ham Forest,1/3_x,8.0,13.5,17.852793121027933
419,Fulham,1/3_x,10.0,14.25,15.011900041538475
420,all,PPA,2.0,3.7037037037037037,4.337525302941832
421,West Ham,PPA,4.0,4.7272727272727275,4.027180380636286
422,Manchester City,PPA,1.5,5.5,8.168367169895232
423,Leicester City,PPA,1.0,2.3636363636363638,2.656039430156385
424,Southampton,PPA,1.5,2.2142857142857144,2.722514997587325
425,Brighton,PPA,5.0,4.733333333333333,3.6929791819200988
426,Ipswich Town,PPA,2.5,3.0625,3.04343555870664
427,Bournemouth,PPA,4.0,4.333333333333333,4.7169905660283025
428,Manchester Utd,PPA,1.5,3.2857142857142856,4.427685129319339
429,Aston Villa,PPA,2.0,4.571428571428571,5.373929742666988
430,Tottenham,PPA,2.0,4.363636363636363,4.965334374898176
431,Everton,PPA,0.0,0.8571428571428571,1.4638501094227998
432,Chelsea,PPA,2.0,2.769230769230769,2.521700687824461
433,Crystal Palace,PPA,2.0,2.111111111111111,1.3642254619787417
434,Brentford,PPA,1.0,3.4285714285714284,6.241184258807054
435,Arsenal,PPA,9.0,8.11111111111111,2.891558595482912
436,Newcastle Utd,PPA,1.0,1.6,2.547329756605707
437,Liverpool,PPA,1.0,2.5714285714285716,3.2071349029490928
438,Wolves,PPA,3.0,5.454545454545454,6.593385114850132
439,Nott'ham Forest,PPA,2.0,3.1,3.573047252229764
440,Fulham,PPA,3.0,4.5,4.7207747548166585
441,all,CrsPA,0.0,0.9675925925925926,1.5800693952204494
442,West Ham,CrsPA,1.0,1.8181818181818181,2.2279219832921355
443,Manchester City,CrsPA,0.0,0.9,1.6633299933166201
444,Leicester City,CrsPA,0.0,0.5454545454545454,0.8201995322647243
445,Southampton,CrsPA,0.0,1.1428571428571428,1.7032612545052805
446,Brighton,CrsPA,1.0,1.5333333333333334,1.7674302033770737
447,Ipswich Town,CrsPA,0.0,0.875,1.7841898254763513
448,Bournemouth,CrsPA,0.0,1.0,1.7320508075688772
449,Manchester Utd,CrsPA,0.5,1.2142857142857142,2.118728625617492
450,Aston Villa,CrsPA,0.0,1.2857142857142858,2.462911704859528
451,Tottenham,CrsPA,1.0,1.2727272727272727,1.348399724926484
452,Everton,CrsPA,0.0,0.42857142857142855,0.7867957924694431
453,Chelsea,CrsPA,0.0,0.23076923076923078,0.4385290096535146
454,Crystal Palace,CrsPA,0.0,0.2222222222222222,0.44095855184409843
455,Brentford,CrsPA,0.0,0.5714285714285714,0.7867957924694431
456,Arsenal,CrsPA,1.0,1.5555555555555556,1.810463415200036
457,Newcastle Utd,CrsPA,0.0,0.1,0.31622776601683794
458,Liverpool,CrsPA,0.0,0.5714285714285714,1.1338934190276817
459,Wolves,CrsPA,1.0,1.4545454545454546,1.694912172570388
460,Nott'ham Forest,CrsPA,0.0,0.9,1.286683937707919
461,Fulham,CrsPA,0.5,0.875,1.1259916264596033
462,all,PrgP_y,12.0,16.291666666666668,14.999321690089545
463,West Ham,PrgP_y,18.0,16.727272727272727,13.535811088301351
464,Manchester City,PrgP_y,27.0,31.3,20.709901013766338
465,Leicester City,PrgP_y,10.0,11.454545454545455,9.832229008354478
466,Southampton,PrgP_y,8.0,10.357142857142858,9.880883975225503
467,Brighton,PrgP_y,15.0,19.266666666666666,15.631774721776827
468,Ipswich Town,PrgP_y,8.0,10.9375,10.704944340506088
469,Bournemouth,PrgP_y,14.0,15.333333333333334,14.89127261183543
470,Manchester Utd,PrgP_y,7.0,12.0,12.907958189248392
471,Aston Villa,PrgP_y,14.5,17.0,12.691608372342847
472,Tottenham,PrgP_y,12.0,14.545454545454545,15.1219286889182
473,Everton,PrgP_y,8.0,7.285714285714286,5.0568200058365305
474,Chelsea,PrgP_y,16.0,17.53846153846154,14.350466802020673
475,Crystal Palace,PrgP_y,7.0,9.11111111111111,6.353039517515306
476,Brentford,PrgP_y,11.0,14.285714285714286,19.076287948779814
477,Arsenal,PrgP_y,35.0,32.44444444444444,14.379769740081993
478,Newcastle Utd,PrgP_y,6.5,11.9,14.114216631152829
479,Liverpool,PrgP_y,25.0,24.857142857142858,22.04108717394684
480,Wolves,PrgP_y,12.0,18.363636363636363,16.72885368023002
481,Nott'ham Forest,PrgP_y,12.5,15.2,14.101221381300432
482,Fulham,PrgP_y,20.5,22.875,18.73451741724731
483,all,SCA,8.0,10.38888888888889,10.120973694617124
484,West Ham,SCA,12.0,14.454545454545455,9.416619737078019
485,Manchester City,SCA,10.0,14.8,14.634813896246778
486,Leicester City,SCA,6.0,7.454545454545454,6.728501116350303
487,Southampton,SCA,4.0,5.642857142857143,5.062792523091197
488,Brighton,SCA,13.0,15.333333333333334,11.443442705426586
489,Ipswich Town,SCA,6.0,8.625,7.710382610480495
490,Bournemouth,SCA,9.0,12.555555555555555,11.980307916651299
491,Manchester Utd,SCA,5.0,10.0,12.58203847982084
492,Aston Villa,SCA,7.0,12.714285714285714,13.803168930628665
493,Tottenham,SCA,8.0,7.545454545454546,6.346079677464448
494,Everton,SCA,6.0,4.714285714285714,3.728908942943218
495,Chelsea,SCA,6.0,9.307692307692308,9.366470478828683
496,Crystal Palace,SCA,3.0,6.777777777777778,8.166666666666666
497,Brentford,SCA,4.0,8.714285714285714,12.893335303097304
498,Arsenal,SCA,15.0,14.11111111111111,5.035981643246043
499,Newcastle Utd,SCA,3.0,7.9,12.377847596052844
500,Liverpool,SCA,5.0,9.142857142857142,8.071112509614592
501,Wolves,SCA,9.0,11.818181818181818,8.874887963441362
502,Nott'ham Forest,SCA,8.0,10.7,9.730250653389037
503,Fulham,SCA,14.0,13.875,13.22808160154536
504,all,SCA90,1.745,2.017037037037037,1.5916466589648506
505,West Ham,SCA90,2.58,2.8300000000000005,1.5443509963735573
506,Manchester City,SCA90,1.445,1.877,1.6263391063640107
507,Leicester City,SCA90,1.39,1.2036363636363638,1.0031776784525535
508,Southampton,SCA90,1.04,1.1585714285714288,0.8251886231258062
509,Brighton,SCA90,3.03,2.8273333333333337,1.291269954439464
510,Ipswich Town,SCA90,1.335,1.588125,1.4153408011264754
511,Bournemouth,SCA90,2.35,2.8322222222222226,2.5926279031986916
512,Manchester Utd,SCA90,2.25,2.4421428571428576,1.4923351787431285
513,Aston Villa,SCA90,1.77,2.059285714285714,1.4570331514401462
514,Tottenham,SCA90,1.31,1.5918181818181816,1.4809106534954646
515,Everton,SCA90,1.59,2.3414285714285716,3.0431914638606434
516,Chelsea,SCA90,1.65,2.009230769230769,1.644827557012495
517,Crystal Palace,SCA90,1.79,1.897777777777778,1.786272500052678
518,Brentford,SCA90,1.97,2.05,1.3626689497697768
519,Arsenal,SCA90,2.42,2.3233333333333337,1.1316249378658991
520,Newcastle Utd,SCA90,1.33,1.64,1.5331159266162635
521,Liverpool,SCA90,1.58,2.0799999999999996,1.8176174881787788
522,Wolves,SCA90,1.64,1.678181818181818,1.1377857283497466
523,Nott'ham Forest,SCA90,1.905,1.8330000000000002,1.4653179404711685
524,Fulham,SCA90,2.42,2.485,2.048086214703166
525,all,GCA,0.0,1.037037037037037,1.446252098876817
526,West Ham,GCA,1.0,1.0,1.2649110640673518
527,Manchester City,GCA,1.0,1.1,1.1005049346146119
528,Leicester City,GCA,0.0,0.8181818181818182,1.2504544628399563
529,Southampton,GCA,0.0,0.42857142857142855,0.646206172658864
530,Brighton,GCA,3.0,2.2666666666666666,2.0165977949672227
531,Ipswich Town,GCA,0.0,0.75,1.0645812948447542
532,Bournemouth,GCA,1.0,1.0,1.118033988749895
533,Manchester Utd,GCA,0.0,0.5714285714285714,1.603567451474546
534,Aston Villa,GCA,0.5,1.2142857142857142,1.9681530361296533
535,Tottenham,GCA,1.0,1.0,1.0954451150103321
536,Everton,GCA,0.0,0.2857142857142857,0.48795003647426655
537,Chelsea,GCA,0.0,0.9230769230769231,1.3204505835470495
538,Crystal Palace,GCA,0.0,0.5555555555555556,1.1303883305208782
539,Brentford,GCA,1.0,1.0,1.4142135623730951
540,Arsenal,GCA,2.0,1.6666666666666667,1.4999999999999998
541,Newcastle Utd,GCA,0.0,0.7,1.3374935098492586
542,Liverpool,GCA,1.0,1.1428571428571428,0.8997354108424372
543,Wolves,GCA,1.0,1.8181818181818181,2.442055765873573
544,Nott'ham Forest,GCA,0.5,0.9,1.100504934614612
545,Fulham,GCA,1.0,1.375,1.5059406173077154
546,all,GCA90,0.0,0.17805555555555552,0.2431210181316382
547,West Ham,GCA90,0.1,0.15363636363636365,0.21270978949135025
548,Manchester City,GCA90,0.16999999999999998,0.174,0.1718009183780912
549,Leicester City,GCA90,0.0,0.1190909090909091,0.18157392684273507
550,Southampton,GCA90,0.0,0.10357142857142856,0.17757369620081007
551,Brighton,GCA90,0.44,0.37866666666666665,0.328304446396648
552,Ipswich Town,GCA90,0.0,0.121875,0.18078417150477155
553,Bournemouth,GCA90,0.2,0.20444444444444443,0.2580266997381817
554,Manchester Utd,GCA90,0.0,0.055714285714285716,0.14643004555677178
555,Aston Villa,GCA90,0.045,0.19071428571428575,0.2561088796620653
556,Tottenham,GCA90,0.17,0.2218181818181818,0.30337495551934346
557,Everton,GCA90,0.0,0.08857142857142856,0.17430132638896464
558,Chelsea,GCA90,0.0,0.21153846153846156,0.3006616634980854
559,Crystal Palace,GCA90,0.0,0.08888888888888889,0.20275875100994065
560,Brentford,GCA90,0.2,0.26285714285714284,0.2947719053615459
561,Arsenal,GCA90,0.19,0.24888888888888885,0.248014336503177
562,Newcastle Utd,GCA90,0.0,0.091,0.15073523513469275
563,Liverpool,GCA90,0.17,0.2542857142857143,0.31218889275870265
564,Wolves,GCA90,0.14,0.25272727272727274,0.30106779665354144
565,Nott'ham Forest,GCA90,0.055,0.152,0.21867276414262884
566,Fulham,GCA90,0.095,0.20875000000000002,0.26340829252593506
567,all,Tkl,8.0,8.722222222222221,6.845583649614981
568,West Ham,Tkl,7.0,7.818181818181818,6.209962670067862
569,Manchester City,Tkl,9.0,8.6,4.9035134795822115
570,Leicester City,Tkl,11.0,10.909090909090908,8.203103625513277
571,Southampton,Tkl,7.0,7.142857142857143,5.186626929045398
572,Brighton,Tkl,10.0,10.866666666666667,8.6178110136314
573,Ipswich Town,Tkl,7.5,7.625,5.5241892316127865
574,Bournemouth,Tkl,7.0,8.88888888888889,8.328331832432658
575,Manchester Utd,Tkl,5.5,7.357142857142857,6.523415137406561
576,Aston Villa,Tkl,8.0,9.357142857142858,5.485745764561696
577,Tottenham,Tkl,4.0,4.181818181818182,3.311138227805714
578,Everton,Tkl,5.0,7.857142857142857,9.118270512704541
579,Chelsea,Tkl,8.0,8.307692307692308,6.156089334751072
580,Crystal Palace,Tkl,5.0,7.444444444444445,6.002314368456369
581,Brentford,Tkl,2.0,6.142857142857143,5.871642911161277
582,Arsenal,Tkl,11.0,11.11111111111111,6.353039517515306
583,Newcastle Utd,Tkl,4.5,8.4,9.777525249264254
584,Liverpool,Tkl,10.0,10.428571428571429,8.541216596737314
585,Wolves,Tkl,11.0,11.090909090909092,7.1896390097771326
586,Nott'ham Forest,Tkl,9.5,13.0,8.51143022320247
587,Fulham,Tkl,8.0,8.125,6.243568119044018
588,all,TklW,4.0,5.032407407407407,4.313727761540946
589,West Ham,TklW,4.0,4.7272727272727275,4.125309905713972
590,Manchester City,TklW,4.5,4.6,2.8751811537130436
591,Leicester City,TklW,4.0,6.636363636363637,6.233341435742586
592,Southampton,TklW,3.5,4.0,3.305007855221667
593,Brighton,TklW,6.0,6.533333333333333,5.139019732354003
594,Ipswich Town,TklW,4.0,4.4375,3.558440669731617
595,Bournemouth,TklW,3.0,3.7777777777777777,4.085883557377087
596,Manchester Utd,TklW,2.5,4.214285714285714,4.610666086179062
597,Aston Villa,TklW,5.0,5.071428571428571,2.84102597162162
598,Tottenham,TklW,2.0,2.272727272727273,1.9540168418367887
599,Everton,TklW,4.0,4.428571428571429,4.540820148282424
600,Chelsea,TklW,5.0,5.538461538461538,4.647855860777537
601,Crystal Palace,TklW,4.0,4.111111111111111,3.5862391318916687
602,Brentford,TklW,2.0,4.285714285714286,3.9036002917941333
603,Arsenal,TklW,6.0,6.444444444444445,4.7987266829626565
604,Newcastle Utd,TklW,3.0,5.3,5.735852159879994
605,Liverpool,TklW,7.0,7.285714285714286,5.407226205560041
606,Wolves,TklW,5.0,5.454545454545454,3.958879547640629
607,Nott'ham Forest,TklW,6.0,7.6,5.796550698475776
608,Fulham,TklW,4.0,4.25,3.453776401067595
609,all,Att_x,7.0,8.76388888888889,7.638019447819658
610,West Ham,Att_x,5.0,7.7272727272727275,6.768912897813196
611,Manchester City,Att_x,6.5,8.5,7.184087354084102
612,Leicester City,Att_x,14.0,12.181818181818182,9.775665520241391
613,Southampton,Att_x,7.5,8.357142857142858,5.271215636427169
614,Brighton,Att_x,11.0,11.6,8.087026647662292
615,Ipswich Town,Att_x,6.5,7.9375,6.874772723516029
616,Bournemouth,Att_x,4.0,9.222222222222221,11.776860551286342
617,Manchester Utd,Att_x,3.5,6.142857142857143,6.7237483005233925
618,Aston Villa,Att_x,6.5,7.857142857142857,5.245615647041204
619,Tottenham,Att_x,3.0,5.181818181818182,5.173358325462906
620,Everton,Att_x,4.0,7.571428571428571,8.141603913585719
621,Chelsea,Att_x,7.0,7.6923076923076925,6.5113313460025894
622,Crystal Palace,Att_x,3.0,6.666666666666667,4.924428900898052
623,Brentford,Att_x,3.0,5.428571428571429,6.106202935189288
624,Arsenal,Att_x,11.0,14.555555555555555,8.472176684759223
625,Newcastle Utd,Att_x,3.0,8.0,10.697871023920808
626,Liverpool,Att_x,8.0,10.0,7.094598884597588
627,Wolves,Att_x,14.0,11.181818181818182,6.70549299929814
628,Nott'ham Forest,Att_x,7.5,12.7,11.860766323378003
629,Fulham,Att_x,5.0,6.625,4.897156609415596
630,all,Lost_x,3.0,4.467592592592593,4.255651863355884
631,West Ham,Lost_x,3.0,4.2727272727272725,3.6902820784029258
632,Manchester City,Lost_x,3.0,4.0,3.6209268304000717
633,Leicester City,Lost_x,6.0,6.2727272727272725,4.981785003207366
634,Southampton,Lost_x,4.0,4.928571428571429,3.8920883402553508
635,Brighton,Lost_x,6.0,6.133333333333334,4.688384837121669
636,Ipswich Town,Lost_x,3.0,4.375,4.425306015783918
637,Bournemouth,Lost_x,4.0,6.111111111111111,6.845517592637617
638,Manchester Utd,Lost_x,1.5,2.7142857142857144,3.429029273459438
639,Aston Villa,Lost_x,4.0,3.642857142857143,1.9057460827371868
640,Tottenham,Lost_x,1.0,2.909090909090909,3.1766191290283903
641,Everton,Lost_x,1.0,3.0,3.5118845842842465
642,Chelsea,Lost_x,2.0,3.6153846153846154,3.617975067595628
643,Crystal Palace,Lost_x,3.0,3.7777777777777777,2.279132388529557
644,Brentford,Lost_x,1.0,2.5714285714285716,3.457221565416506
645,Arsenal,Lost_x,5.0,7.444444444444445,4.503085362035432
646,Newcastle Utd,Lost_x,1.5,3.1,3.665151201974256
647,Liverpool,Lost_x,3.0,3.857142857142857,2.6726124191242437
648,Wolves,Lost_x,5.0,5.181818181818182,3.709937514788674
649,Nott'ham Forest,Lost_x,4.5,7.3,8.327331171776732
650,Fulham,Lost_x,3.0,3.375,2.615202805574687
651,all,Blocks,4.5,5.37962962962963,4.716556869093923
652,West Ham,Blocks,6.0,7.181818181818182,4.37762908017986
653,Manchester City,Blocks,7.5,8.0,4.320493798938574
654,Leicester City,Blocks,6.0,6.636363636363637,4.9854333266573185
655,Southampton,Blocks,3.0,3.5714285714285716,2.8206460175009473
656,Brighton,Blocks,6.0,7.333333333333333,6.320789582985733
657,Ipswich Town,Blocks,4.5,4.1875,3.5255023282741806
658,Bournemouth,Blocks,3.0,5.111111111111111,6.112373606964083
659,Manchester Utd,Blocks,2.0,3.7857142857142856,3.8265986388511073
660,Aston Villa,Blocks,5.0,5.0,3.8230072737812852
661,Tottenham,Blocks,3.0,3.4545454545454546,3.5878583127998893
662,Everton,Blocks,3.0,5.428571428571429,5.912053869204928
663,Chelsea,Blocks,3.0,4.846153846153846,5.5052422569485815
664,Crystal Palace,Blocks,3.0,3.4444444444444446,3.1666666666666665
665,Brentford,Blocks,2.0,3.4285714285714284,4.7559486560567095
666,Arsenal,Blocks,8.0,6.444444444444445,3.908679799852858
667,Newcastle Utd,Blocks,3.5,6.1,7.44535649471087
668,Liverpool,Blocks,5.0,4.571428571428571,2.63673679998231
669,Wolves,Blocks,9.0,8.272727272727273,5.217104735212992
670,Nott'ham Forest,Blocks,5.5,5.8,3.675746333890726
671,Fulham,Blocks,4.0,5.0,4.869731585445518
672,all,Sh,1.0,1.5740740740740742,2.3296020368941694
673,West Ham,Sh,1.0,2.3636363636363638,3.264130122183467
674,Manchester City,Sh,1.5,1.8,1.4757295747452437
675,Leicester City,Sh,1.0,1.4545454545454546,1.507556722888818
676,Southampton,Sh,1.0,1.3571428571428572,1.446860944737466
677,Brighton,Sh,1.0,2.466666666666667,4.050867044167681
678,Ipswich Town,Sh,1.0,1.375,1.6683325008322931
679,Bournemouth,Sh,0.0,0.5555555555555556,1.1303883305208782
680,Manchester Utd,Sh,0.5,0.8571428571428571,1.167320591199077
681,Aston Villa,Sh,0.0,1.0714285714285714,2.017778127403648
682,Tottenham,Sh,0.0,1.2727272727272727,2.370270410350224
683,Everton,Sh,0.0,2.0,2.7688746209726918
684,Chelsea,Sh,1.0,1.5384615384615385,2.5369070609498956
685,Crystal Palace,Sh,0.0,0.4444444444444444,0.7264831572567789
686,Brentford,Sh,1.0,1.4285714285714286,1.618347187425374
687,Arsenal,Sh,1.0,2.3333333333333335,2.8722813232690143
688,Newcastle Utd,Sh,1.0,2.0,2.211083193570267
689,Liverpool,Sh,1.0,2.0,2.516611478423583
690,Wolves,Sh,0.0,2.5454545454545454,4.203894298472225
691,Nott'ham Forest,Sh,1.5,1.8,1.7511900715418263
692,Fulham,Sh,0.5,0.875,1.1259916264596033
693,all,Pass,3.0,3.8055555555555554,3.6636703754779902
694,West Ham,Pass,4.0,4.818181818181818,3.4588489940493736
695,Manchester City,Pass,6.5,6.2,4.5166359162544865
696,Leicester City,Pass,5.0,5.181818181818182,4.094341993976122
697,Southampton,Pass,2.0,2.2142857142857144,2.2592909516916153
698,Brighton,Pass,3.0,4.866666666666666,4.3237990350197935
699,Ipswich Town,Pass,2.0,2.8125,2.8802488318430637
700,Bournemouth,Pass,3.0,4.555555555555555,5.0771820705759385
701,Manchester Utd,Pass,1.5,2.9285714285714284,3.338914741102511
702,Aston Villa,Pass,3.5,3.9285714285714284,2.894671117609197
703,Tottenham,Pass,1.0,2.1818181818181817,2.821991559809555
704,Everton,Pass,2.0,3.4285714285714284,3.9940431835899006
705,Chelsea,Pass,2.0,3.3076923076923075,3.326274577376703
706,Crystal Palace,Pass,2.0,3.0,2.958039891549808
707,Brentford,Pass,0.0,2.0,3.605551275463989
708,Arsenal,Pass,3.0,4.111111111111111,2.6666666666666665
709,Newcastle Utd,Pass,2.0,4.1,5.724217559340898
710,Liverpool,Pass,3.0,2.5714285714285716,1.9023794624226835
711,Wolves,Pass,6.0,5.7272727272727275,3.8753298979805346
712,Nott'ham Forest,Pass,4.0,4.0,2.943920288775949
713,Fulham,Pass,2.5,4.125,4.703721930556695
714,all,Int,2.0,3.5555555555555554,3.7362668430507773
715,West Ham,Int,1.0,3.1818181818181817,3.5445220218862183
716,Manchester City,Int,3.0,3.1,1.5238839267549948
717,Leicester City,Int,3.0,4.0,4.58257569495584
718,Southampton,Int,1.5,2.2857142857142856,2.493948720358985
719,Brighton,Int,4.0,5.2,4.616739727804212
720,Ipswich Town,Int,2.5,3.0625,2.7681221071332818
721,Bournemouth,Int,4.0,3.7777777777777777,3.865804501581067
722,Manchester Utd,Int,2.0,2.7142857142857144,2.198900824313101
723,Aston Villa,Int,1.5,3.2857142857142856,4.427685129319339
724,Tottenham,Int,1.0,1.7272727272727273,2.935673997258861
725,Everton,Int,1.0,4.285714285714286,5.794085654478071
726,Chelsea,Int,3.0,5.3076923076923075,5.991446895152781
727,Crystal Palace,Int,2.0,2.4444444444444446,3.53946009693255
728,Brentford,Int,2.0,2.857142857142857,2.6095064302514777
729,Arsenal,Int,4.0,4.777777777777778,3.7675515184857717
730,Newcastle Utd,Int,2.0,2.6,2.3190036174568114
731,Liverpool,Int,3.0,4.142857142857143,3.4846602621858476
732,Wolves,Int,5.0,4.2727272727272725,3.3493554332411213
733,Nott'ham Forest,Int,3.0,5.6,4.948624949305503
734,Fulham,Int,2.0,2.5,1.927248223318863
735,all,Touches,251.0,280.2175925925926,190.23381907962445
736,West Ham,Touches,296.0,312.54545454545456,206.20783866592637
737,Manchester City,Touches,443.5,463.4,224.37874726056884
738,Leicester City,Touches,255.0,264.3636363636364,165.5694855504919
739,Southampton,Touches,212.5,255.71428571428572,158.88090778045944
740,Brighton,Touches,297.0,329.26666666666665,222.57341218016992
741,Ipswich Town,Touches,255.0,223.0,119.02828795430662
742,Bournemouth,Touches,172.0,236.11111111111111,133.80157364960664
743,Manchester Utd,Touches,164.5,224.35714285714286,200.62732659292496
744,Aston Villa,Touches,265.0,302.7857142857143,215.19514527388984
745,Tottenham,Touches,228.0,268.27272727272725,228.69853121919735
746,Everton,Touches,127.0,160.0,141.59566848365571
747,Chelsea,Touches,272.0,302.6923076923077,206.94902134558995
748,Crystal Palace,Touches,98.0,170.33333333333334,112.14945385511247
749,Brentford,Touches,112.0,177.71428571428572,162.46303608894576
750,Arsenal,Touches,491.0,433.6666666666667,176.69111466058501
751,Newcastle Utd,Touches,181.5,219.0,151.28927405617506
752,Liverpool,Touches,398.0,374.14285714285717,172.5972465707652
753,Wolves,Touches,306.0,331.09090909090907,170.93651134000282
754,Nott'ham Forest,Touches,187.0,278.5,200.3509420991077
755,Fulham,Touches,214.5,254.125,196.24870336241352
756,all,Def Pen,13.0,29.0,48.97146772522538
757,West Ham,Def Pen,9.0,16.636363636363637,17.442893838309782
758,Manchester City,Def Pen,14.0,21.7,17.789197720964136
759,Leicester City,Def Pen,16.0,33.09090909090909,49.7502855176823
760,Southampton,Def Pen,17.0,35.142857142857146,42.42796092356865
761,Brighton,Def Pen,13.0,28.266666666666666,38.50689486807463
762,Ipswich Town,Def Pen,9.5,42.9375,87.25401136910554
763,Bournemouth,Def Pen,15.0,32.111111111111114,45.18972351222246
764,Manchester Utd,Def Pen,8.5,16.142857142857142,16.77386769241481
765,Aston Villa,Def Pen,10.5,21.642857142857142,27.401872880564888
766,Tottenham,Def Pen,8.0,50.54545454545455,70.05192879052457
767,Everton,Def Pen,11.0,20.0,29.40521495698793
768,Chelsea,Def Pen,10.0,29.0,47.486840282335066
769,Crystal Palace,Def Pen,7.0,8.222222222222221,5.562773089426211
770,Brentford,Def Pen,13.0,18.142857142857142,20.08671676696295
771,Arsenal,Def Pen,9.0,19.22222222222222,20.468132412226684
772,Newcastle Utd,Def Pen,17.5,38.5,79.35468900239397
773,Liverpool,Def Pen,24.0,60.57142857142857,101.01131478347223
774,Wolves,Def Pen,22.0,46.72727272727273,70.35352288136097
775,Nott'ham Forest,Def Pen,14.0,24.6,26.1627385586618
776,Fulham,Def Pen,6.5,7.875,7.735585673643962
777,all,Def 3rd,51.5,86.06018518518519,85.31354530236432
778,West Ham,Def 3rd,37.0,79.0,80.54191455385202
779,Manchester City,Def 3rd,83.5,106.3,75.16064277414226
780,Leicester City,Def 3rd,55.0,87.18181818181819,75.07305532855071
781,Southampton,Def 3rd,82.5,95.21428571428571,70.84455200966796
782,Brighton,Def 3rd,66.0,97.0,105.83612669729422
783,Ipswich Town,Def 3rd,44.5,81.5625,92.62466824052147
784,Bournemouth,Def 3rd,70.0,64.66666666666667,46.36809247747853
785,Manchester Utd,Def 3rd,44.0,68.07142857142857,50.20797406130484
786,Aston Villa,Def 3rd,37.0,79.07142857142857,90.00894338958707
787,Tottenham,Def 3rd,28.0,112.45454545454545,139.52373535450062
788,Everton,Def 3rd,39.0,62.857142857142854,82.68298610038337
789,Chelsea,Def 3rd,61.0,98.84615384615384,86.13733816203647
790,Crystal Palace,Def 3rd,39.0,41.666666666666664,30.748983723043597
791,Brentford,Def 3rd,47.0,53.42857142857143,35.80901722032754
792,Arsenal,Def 3rd,74.0,87.33333333333333,70.22463955051674
793,Newcastle Utd,Def 3rd,68.5,84.2,98.34045171974982
794,Liverpool,Def 3rd,136.0,148.85714285714286,124.61464409855498
795,Wolves,Def 3rd,53.0,120.72727272727273,123.2915981801606
796,Nott'ham Forest,Def 3rd,56.5,91.4,78.07147722155356
797,Fulham,Def 3rd,39.0,42.5,33.5090606083958
798,all,Mid 3rd,95.0,120.17592592592592,101.95957509045948
799,West Ham,Mid 3rd,124.0,145.36363636363637,110.90741429433176
800,Manchester City,Mid 3rd,217.0,227.1,138.5163046961139
801,Leicester City,Mid 3rd,108.0,116.0909090909091,102.79051954869628
802,Southampton,Mid 3rd,83.5,104.85714285714286,88.02085167544296
803,Brighton,Mid 3rd,142.0,145.6,113.34322085720748
804,Ipswich Town,Mid 3rd,54.0,81.5625,67.77705486864022
805,Bournemouth,Mid 3rd,72.0,94.55555555555556,80.64445286427194
806,Manchester Utd,Mid 3rd,75.0,92.64285714285714,96.10059404511595
807,Aston Villa,Mid 3rd,109.0,135.92857142857142,103.93523448298448
808,Tottenham,Mid 3rd,68.0,92.0,114.88951214101311
809,Everton,Mid 3rd,47.0,66.57142857142857,58.750481254361205
810,Chelsea,Mid 3rd,128.0,146.46153846153845,120.3090571435469
811,Crystal Palace,Mid 3rd,50.0,83.44444444444444,54.941130110125854
812,Brentford,Mid 3rd,58.0,70.14285714285714,72.19748049950351
813,Arsenal,Mid 3rd,200.0,194.11111111111111,112.33481700306059
814,Newcastle Utd,Mid 3rd,76.0,84.9,66.4621028189081
815,Liverpool,Mid 3rd,113.0,152.85714285714286,107.31639913736169
816,Wolves,Mid 3rd,118.0,130.1818181818182,92.10951979227573
817,Nott'ham Forest,Mid 3rd,88.0,120.3,110.42850879893088
818,Fulham,Mid 3rd,74.5,109.75,99.00757546773883
819,all,Att 3rd,55.5,76.77777777777777,71.15653668622647
820,West Ham,Att 3rd,76.0,90.18181818181819,51.144536720588604
821,Manchester City,Att 3rd,102.0,133.2,107.73815995788638
822,Leicester City,Att 3rd,80.0,64.72727272727273,52.30887287849148
823,Southampton,Att 3rd,36.5,57.214285714285715,54.71348950730463
824,Brighton,Att 3rd,73.0,89.8,73.61308113566307
825,Ipswich Town,Att 3rd,56.5,63.75,48.13938096818446
826,Bournemouth,Att 3rd,57.0,79.11111111111111,73.2093649139993
827,Manchester Utd,Att 3rd,31.0,65.28571428571429,83.09811492023574
828,Aston Villa,Att 3rd,73.0,91.14285714285714,82.97345001018945
829,Tottenham,Att 3rd,36.0,66.63636363636364,72.29283882553337
830,Everton,Att 3rd,19.0,33.285714285714285,27.06605676066295
831,Chelsea,Att 3rd,38.0,60.38461538461539,61.482434431223886
832,Crystal Palace,Att 3rd,37.0,47.77777777777778,54.301882512896775
833,Brentford,Att 3rd,27.0,55.57142857142857,67.51260905158667
834,Arsenal,Att 3rd,159.0,155.0,75.20305844844344
835,Newcastle Utd,Att 3rd,25.0,52.0,65.92588431126444
836,Liverpool,Att 3rd,37.0,75.0,72.79880951407561
837,Wolves,Att 3rd,80.0,83.54545454545455,70.2842281544923
838,Nott'ham Forest,Att 3rd,53.0,70.2,62.260742045047934
839,Fulham,Att 3rd,111.0,105.875,90.38716327949608
840,all,Att Pen,6.5,12.481481481481481,14.457302962786489
841,West Ham,Att Pen,10.0,15.454545454545455,14.685800191774614
842,Manchester City,Att Pen,6.0,18.8,24.683777848799583
843,Leicester City,Att Pen,5.0,10.181818181818182,10.028142218957425
844,Southampton,Att Pen,2.5,9.0,15.801655220017544
845,Brighton,Att Pen,9.0,14.0,17.0
846,Ipswich Town,Att Pen,8.5,10.0625,9.276987657639737
847,Bournemouth,Att Pen,12.0,13.333333333333334,11.884864324004713
848,Manchester Utd,Att Pen,3.0,8.0,10.340361547019375
849,Aston Villa,Att Pen,10.0,15.285714285714286,15.499025137723347
850,Tottenham,Att Pen,9.0,13.727272727272727,13.550578652521885
851,Everton,Att Pen,4.0,7.428571428571429,7.091242083423347
852,Chelsea,Att Pen,6.0,10.23076923076923,14.850105758062503
853,Crystal Palace,Att Pen,4.0,9.777777777777779,18.69343319041327
854,Brentford,Att Pen,4.0,6.714285714285714,7.387247699341654
855,Arsenal,Att Pen,19.0,22.11111111111111,16.64665465224503
856,Newcastle Utd,Att Pen,5.0,11.4,13.961852790132596
857,Liverpool,Att Pen,5.0,10.142857142857142,11.320020191804304
858,Wolves,Att Pen,14.0,14.818181818181818,10.75005285399269
859,Nott'ham Forest,Att Pen,6.0,10.6,13.801771222886174
860,Fulham,Att Pen,9.0,19.875,21.780971380673414
861,all,Att_y,5.0,9.23611111111111,11.175754141003418
862,West Ham,Att_y,6.0,10.090909090909092,11.886585257798352
863,Manchester City,Att_y,6.0,10.7,12.893150636416738
864,Leicester City,Att_y,8.0,12.727272727272727,19.46325208741288
865,Southampton,Att_y,4.0,5.357142857142857,6.487943171252859
866,Brighton,Att_y,7.0,13.266666666666667,14.70406487368455
867,Ipswich Town,Att_y,6.5,10.0625,12.535117337570744
868,Bournemouth,Att_y,3.0,10.222222222222221,11.945477991459548
869,Manchester Utd,Att_y,2.0,5.5,10.173494974687902
870,Aston Villa,Att_y,11.5,11.714285714285714,10.253919111386491
871,Tottenham,Att_y,8.0,10.545454545454545,10.939503063335522
872,Everton,Att_y,5.0,7.857142857142857,7.3807987695228805
873,Chelsea,Att_y,8.0,10.461538461538462,9.760595820401067
874,Crystal Palace,Att_y,1.0,4.0,5.979130371550699
875,Brentford,Att_y,3.0,5.571428571428571,6.294366339755546
876,Arsenal,Att_y,4.0,14.444444444444445,17.2779564120812
877,Newcastle Utd,Att_y,3.0,6.2,9.319036669336828
878,Liverpool,Att_y,2.0,4.714285714285714,5.70713838726805
879,Wolves,Att_y,10.0,8.818181818181818,6.750084174559333
880,Nott'ham Forest,Att_y,5.5,8.7,10.739853092312037
881,Fulham,Att_y,9.0,9.75,8.64787339672097
882,all,Carries,132.5,156.19444444444446,112.23778399023549
883,West Ham,Carries,173.0,145.54545454545453,93.64653078076479
884,Manchester City,Carries,283.0,289.8,134.713523201397
885,Leicester City,Carries,132.0,152.27272727272728,86.03963146026476
886,Southampton,Carries,119.5,137.0,85.28684631199675
887,Brighton,Carries,152.0,190.0,138.85449732929584
888,Ipswich Town,Carries,120.0,112.25,62.72213856898269
889,Bournemouth,Carries,95.0,123.66666666666667,80.20286777915113
890,Manchester Utd,Carries,98.0,131.92857142857142,113.9739945275738
891,Aston Villa,Carries,162.0,176.71428571428572,127.86918108961
892,Tottenham,Carries,113.0,178.27272727272728,164.68278046540928
893,Everton,Carries,60.0,72.14285714285714,63.080447502715586
894,Chelsea,Carries,177.0,174.46153846153845,105.29372835439548
895,Crystal Palace,Carries,58.0,90.0,66.0208300462816
896,Brentford,Carries,68.0,97.28571428571429,86.05175629761872
897,Arsenal,Carries,279.0,243.33333333333334,93.64026911537577
898,Newcastle Utd,Carries,90.5,122.0,90.5869747811461
899,Liverpool,Carries,282.0,216.85714285714286,101.1276892043397
900,Wolves,Carries,178.0,186.72727272727272,101.61996940472962
901,Nott'ham Forest,Carries,87.0,118.8,95.07400626178887
902,Fulham,Carries,122.5,146.375,130.45079805921355
903,all,TotDist_y,651.0,825.6481481481482,619.1900533245746
904,West Ham,TotDist_y,770.0,757.1818181818181,520.3928935298441
905,Manchester City,TotDist_y,1604.5,1587.3,822.9826581134962
906,Leicester City,TotDist_y,651.0,756.4545454545455,509.6448496034006
907,Southampton,TotDist_y,599.5,635.7142857142857,380.4763064636479
908,Brighton,TotDist_y,947.0,1050.7333333333333,835.3246987734483
909,Ipswich Town,TotDist_y,563.5,661.6875,403.3038091811184
910,Bournemouth,TotDist_y,426.0,653.8888888888889,560.9945285928475
911,Manchester Utd,TotDist_y,407.5,612.4285714285714,517.3318700179448
912,Aston Villa,TotDist_y,970.5,986.7142857142857,679.9340950609652
913,Tottenham,TotDist_y,521.0,1013.9090909090909,846.768026621867
914,Everton,TotDist_y,297.0,399.14285714285717,279.96691981460276
915,Chelsea,TotDist_y,709.0,882.3846153846154,417.8284214167219
916,Crystal Palace,TotDist_y,318.0,480.6666666666667,447.5737369417468
917,Brentford,TotDist_y,404.0,467.57142857142856,366.8818416251828
918,Arsenal,TotDist_y,1258.0,1300.3333333333333,636.7026385998412
919,Newcastle Utd,TotDist_y,415.5,643.4,562.9322438012509
920,Liverpool,TotDist_y,1131.0,1061.4285714285713,557.5702817113006
921,Wolves,TotDist_y,1221.0,1025.8181818181818,549.0411310970824
922,Nott'ham Forest,TotDist_y,487.0,647.1,542.6397311087512
923,Fulham,TotDist_y,695.5,744.625,661.1991136239845
924,all,PrgDist,309.5,413.3888888888889,335.3946882394306
925,West Ham,PrgDist,388.0,379.72727272727275,273.80434288341405
926,Manchester City,PrgDist,685.5,826.1,529.8952621876222
927,Leicester City,PrgDist,389.0,375.27272727272725,273.3379193998121
928,Southampton,PrgDist,286.0,286.92857142857144,177.3716065586226
929,Brighton,PrgDist,471.0,536.5333333333333,492.2657335027011
930,Ipswich Town,PrgDist,272.0,324.5,216.24800577115155
931,Bournemouth,PrgDist,195.0,312.8888888888889,241.28377714034383
932,Manchester Utd,PrgDist,182.5,292.64285714285717,255.69741948183662
933,Aston Villa,PrgDist,531.5,491.57142857142856,338.6133975007973
934,Tottenham,PrgDist,267.0,547.5454545454545,457.2394041716798
935,Everton,PrgDist,140.0,181.71428571428572,112.91990418834389
936,Chelsea,PrgDist,423.0,445.2307692307692,208.20949139674758
937,Crystal Palace,PrgDist,232.0,252.55555555555554,229.6737420293791
938,Brentford,PrgDist,221.0,237.57142857142858,172.53874651109254
939,Arsenal,PrgDist,681.0,671.4444444444445,317.0106903209698
940,Newcastle Utd,PrgDist,182.0,290.3,277.9536532109865
941,Liverpool,PrgDist,616.0,576.4285714285714,348.1713453377313
942,Wolves,PrgDist,578.0,527.1818181818181,300.2191926515752
943,Nott'ham Forest,PrgDist,228.0,316.6,297.8098573101822
944,Fulham,PrgDist,289.5,338.625,314.86229983461476
945,all,1/3_y,4.0,6.152777777777778,6.1470198237176925
946,West Ham,1/3_y,5.0,6.363636363636363,5.408747124292784
947,Manchester City,1/3_y,12.5,10.6,7.011102306738617
948,Leicester City,1/3_y,5.0,5.818181818181818,6.690563232167854
949,Southampton,1/3_y,4.0,4.428571428571429,4.36267888263244
950,Brighton,1/3_y,3.0,7.266666666666667,6.984336216202108
951,Ipswich Town,1/3_y,4.0,5.5,4.96655480858378
952,Bournemouth,1/3_y,3.0,5.111111111111111,6.641619615057091
953,Manchester Utd,1/3_y,3.0,5.142857142857143,5.920721666734981
954,Aston Villa,1/3_y,6.5,8.357142857142858,6.221638948765126
955,Tottenham,1/3_y,4.0,7.909090909090909,8.584340923501879
956,Everton,1/3_y,1.0,3.2857142857142856,3.9880774697543058
957,Chelsea,1/3_y,5.0,6.153846153846154,4.810511993647416
958,Crystal Palace,1/3_y,1.0,4.444444444444445,6.966188181335456
959,Brentford,1/3_y,2.0,2.7142857142857144,2.5634797778466227
960,Arsenal,1/3_y,9.0,9.222222222222221,5.65194165260439
961,Newcastle Utd,1/3_y,2.5,4.8,6.988880056521533
962,Liverpool,1/3_y,3.0,5.0,6.0
963,Wolves,1/3_y,3.0,6.181818181818182,7.480884731342702
964,Nott'ham Forest,1/3_y,3.5,5.7,6.019413038937712
965,Fulham,1/3_y,6.0,6.875,6.728139203587954
966,all,CPA,1.0,2.7777777777777777,4.918561584652113
967,West Ham,CPA,1.0,2.8181818181818183,4.214692914511847
968,Manchester City,CPA,0.5,6.0,14.452988925785867
969,Leicester City,CPA,2.0,3.727272727272727,4.383854675759887
970,Southampton,CPA,0.5,0.8571428571428571,1.167320591199077
971,Brighton,CPA,1.0,3.066666666666667,5.257194616722424
972,Ipswich Town,CPA,1.5,2.8125,3.2704484911603995
973,Bournemouth,CPA,1.0,2.4444444444444446,3.811532208676424
974,Manchester Utd,CPA,0.0,1.4285714285714286,3.2513733362117256
975,Aston Villa,CPA,2.0,3.357142857142857,3.992437906788337
976,Tottenham,CPA,1.0,4.636363636363637,6.727149876028143
977,Everton,CPA,0.0,1.0,1.2909944487358056
978,Chelsea,CPA,0.0,2.076923076923077,3.751922584079138
979,Crystal Palace,CPA,1.0,2.3333333333333335,4.123105625617661
980,Brentford,CPA,1.0,0.7142857142857143,0.7559289460184544
981,Arsenal,CPA,3.0,5.888888888888889,6.31356564162527
982,Newcastle Utd,CPA,0.0,2.1,3.8427420765212266
983,Liverpool,CPA,1.0,2.4285714285714284,2.5727509827123995
984,Wolves,CPA,0.0,2.727272727272727,3.37908002541843
985,Nott'ham Forest,CPA,0.0,1.9,2.8460498941515415
986,Fulham,CPA,2.5,3.125,3.3567628964311944
987,all,Mis,5.0,7.574074074074074,8.340658279417902
988,West Ham,Mis,8.0,10.181818181818182,9.81649817214043
989,Manchester City,Mis,6.0,9.0,10.338708279513881
990,Leicester City,Mis,10.0,7.909090909090909,6.670150604814639
991,Southampton,Mis,5.0,7.571428571428571,11.540659131384706
992,Brighton,Mis,6.0,7.866666666666666,8.534523726494363
993,Ipswich Town,Mis,7.0,9.0,7.7631608682718065
994,Bournemouth,Mis,6.0,9.444444444444445,10.02635416179669
995,Manchester Utd,Mis,3.5,5.142857142857143,4.943638380743523
996,Aston Villa,Mis,6.0,7.071428571428571,5.635932599289692
997,Tottenham,Mis,6.0,6.545454545454546,6.05580112559249
998,Everton,Mis,2.0,4.857142857142857,5.956189257922424
999,Chelsea,Mis,2.0,3.6153846153846154,4.7353011438637065
1000,Crystal Palace,Mis,4.0,7.666666666666667,9.604686356149273
1001,Brentford,Mis,3.0,4.428571428571429,4.720774754816659
1002,Arsenal,Mis,10.0,8.88888888888889,5.946520924970424
1003,Newcastle Utd,Mis,4.0,6.8,9.840957496323437
1004,Liverpool,Mis,4.0,3.7142857142857144,2.627691364061218
1005,Wolves,Mis,9.0,11.818181818181818,11.079875286465834
1006,Nott'ham Forest,Mis,6.0,8.2,7.941452428030194
1007,Fulham,Mis,4.0,10.5,15.602197647401196
1008,all,Dis,3.0,4.944444444444445,5.845822731733551
1009,West Ham,Dis,5.0,6.545454545454546,5.750889259299579
1010,Manchester City,Dis,2.5,6.1,6.65749368923638
1011,Leicester City,Dis,1.0,4.090909090909091,4.846742111038
1012,Southampton,Dis,3.0,4.785714285714286,8.468753167956912
1013,Brighton,Dis,3.0,5.8,7.4277472070223665
1014,Ipswich Town,Dis,3.0,6.5,7.023769168568493
1015,Bournemouth,Dis,3.0,4.444444444444445,4.798726682962656
1016,Manchester Utd,Dis,1.0,2.642857142857143,3.1770122117182042
1017,Aston Villa,Dis,6.0,6.142857142857143,5.600235473856199
1018,Tottenham,Dis,4.0,4.090909090909091,4.300105706945946
1019,Everton,Dis,2.0,5.142857142857143,7.267016155859557
1020,Chelsea,Dis,3.0,4.0,4.847679857416329
1021,Crystal Palace,Dis,2.0,3.3333333333333335,4.847679857416329
1022,Brentford,Dis,0.0,2.142857142857143,3.38765264987284
1023,Arsenal,Dis,5.0,7.444444444444445,6.064468466220084
1024,Newcastle Utd,Dis,2.0,5.0,6.548960901462833
1025,Liverpool,Dis,2.0,2.2857142857142856,1.3801311186847083
1026,Wolves,Dis,4.0,5.818181818181818,5.418822414845901
1027,Nott'ham Forest,Dis,4.0,5.2,6.160808027812225
1028,Fulham,Dis,3.0,5.25,7.905694150420948
1029,all,Rec,157.0,184.17592592592592,133.03752425388782
1030,West Ham,Rec,221.0,202.63636363636363,129.54402551045936
1031,Manchester City,Rec,332.5,345.0,162.6892060887193
1032,Leicester City,Rec,156.0,165.9090909090909,103.50116380549018
1033,Southampton,Rec,152.0,176.14285714285714,116.60970875456373
1034,Brighton,Rec,192.0,215.33333333333334,154.64829529644103
1035,Ipswich Town,Rec,125.5,132.0625,74.30340391484991
1036,Bournemouth,Rec,114.0,140.44444444444446,91.57935235509026
1037,Manchester Utd,Rec,104.0,151.35714285714286,137.615745489364
1038,Aston Villa,Rec,187.5,204.42857142857142,147.74755720261723
1039,Tottenham,Rec,101.0,187.0,172.7987268471617
1040,Everton,Rec,81.0,85.85714285714286,77.90042484143581
1041,Chelsea,Rec,218.0,207.76923076923077,128.3362470531701
1042,Crystal Palace,Rec,69.0,108.77777777777777,78.4996461421607
1043,Brentford,Rec,75.0,105.14285714285714,101.64222969387703
1044,Arsenal,Rec,358.0,301.44444444444446,118.63927586502616
1045,Newcastle Utd,Rec,118.0,140.0,104.13026030463533
1046,Liverpool,Rec,275.0,250.0,107.89192122984309
1047,Wolves,Rec,182.0,209.72727272727272,117.43686892036155
1048,Nott'ham Forest,Rec,112.0,152.8,126.95038400887175
1049,Fulham,Rec,145.0,181.5,155.89923485563176
1050,all,PrgR_y,10.0,19.703703703703702,23.73056482996158
1051,West Ham,PrgR_y,21.0,24.818181818181817,23.27151985504248
1052,Manchester City,PrgR_y,10.5,26.4,38.16979608713326
1053,Leicester City,PrgR_y,9.0,20.818181818181817,22.359866644585257
1054,Southampton,PrgR_y,8.0,13.5,15.02689895845754
1055,Brighton,PrgR_y,17.0,24.933333333333334,29.47509037103962
1056,Ipswich Town,PrgR_y,16.0,18.5,17.94807324849476
1057,Bournemouth,PrgR_y,18.0,22.88888888888889,23.502363947294988
1058,Manchester Utd,PrgR_y,6.5,15.642857142857142,23.457349653088535
1059,Aston Villa,PrgR_y,13.0,23.357142857142858,27.664493052000353
1060,Tottenham,PrgR_y,10.0,23.09090909090909,29.723574971576163
1061,Everton,PrgR_y,3.0,7.428571428571429,8.997354108424373
1062,Chelsea,PrgR_y,6.0,13.076923076923077,18.441174666406777
1063,Crystal Palace,PrgR_y,8.0,13.222222222222221,19.810210610804834
1064,Brentford,PrgR_y,4.0,10.0,10.503967504392486
1065,Arsenal,PrgR_y,27.0,36.111111111111114,33.520308935197946
1066,Newcastle Utd,PrgR_y,9.0,15.2,22.64116212172472
1067,Liverpool,PrgR_y,4.0,13.714285714285714,15.326603077810878
1068,Wolves,PrgR_y,25.0,25.454545454545453,25.559200442751084
1069,Nott'ham Forest,PrgR_y,4.0,13.9,19.005554743577235
1070,Fulham,PrgR_y,29.0,27.75,26.67663504160255
1071,all,Fls,5.0,5.856481481481482,5.181609216650179
1072,West Ham,Fls,6.0,7.090909090909091,6.410219114110617
1073,Manchester City,Fls,5.0,5.3,4.056544780420347
1074,Leicester City,Fls,4.0,6.636363636363637,6.004543734085502
1075,Southampton,Fls,3.0,5.214285714285714,6.806993817770429
1076,Brighton,Fls,6.0,6.466666666666667,4.703595382663088
1077,Ipswich Town,Fls,4.5,5.6875,4.512482686947397
1078,Bournemouth,Fls,4.0,4.666666666666667,3.427827300200522
1079,Manchester Utd,Fls,2.5,4.785714285714286,4.370857536501917
1080,Aston Villa,Fls,8.0,6.214285714285714,4.676924884325851
1081,Tottenham,Fls,3.0,3.272727272727273,3.3493554332411213
1082,Everton,Fls,4.0,5.0,5.5377492419453835
1083,Chelsea,Fls,6.0,5.6923076923076925,4.625736254634055
1084,Crystal Palace,Fls,2.0,5.666666666666667,7.615773105863908
1085,Brentford,Fls,5.0,3.857142857142857,2.3401261667248794
1086,Arsenal,Fls,8.0,9.777777777777779,5.019406782125198
1087,Newcastle Utd,Fls,3.0,4.9,5.858517066820086
1088,Liverpool,Fls,7.0,5.714285714285714,5.2508502712826015
1089,Wolves,Fls,6.0,6.454545454545454,5.52021079966402
1090,Nott'ham Forest,Fls,8.0,8.0,6.896053621859067
1091,Fulham,Fls,7.0,6.625,4.955156044825574
1092,all,Fld,3.0,5.319444444444445,5.68676894952409
1093,West Ham,Fld,3.0,5.7272727272727275,6.842381297339533
1094,Manchester City,Fld,3.5,6.4,8.058122196475637
1095,Leicester City,Fld,6.0,7.636363636363637,7.117200675444345
1096,Southampton,Fld,4.0,4.428571428571429,3.877237035953184
1097,Brighton,Fld,3.0,4.8,3.8950518060006045
1098,Ipswich Town,Fld,4.5,5.625,4.177319714841085
1099,Bournemouth,Fld,2.0,7.0,8.514693182963201
1100,Manchester Utd,Fld,3.0,4.428571428571429,4.783212401631448
1101,Aston Villa,Fld,5.0,5.142857142857143,4.435124538311148
1102,Tottenham,Fld,5.0,4.545454545454546,3.0777796010642597
1103,Everton,Fld,1.0,2.4285714285714284,4.035556254807296
1104,Chelsea,Fld,2.0,5.461538461538462,5.8254525520252445
1105,Crystal Palace,Fld,0.0,3.7777777777777777,7.562700869692285
1106,Brentford,Fld,3.0,4.0,4.358898943540674
1107,Arsenal,Fld,4.0,5.888888888888889,4.8074017006186525
1108,Newcastle Utd,Fld,1.5,3.3,3.5605867181937554
1109,Liverpool,Fld,3.0,4.142857142857143,3.4364987719368982
1110,Wolves,Fld,5.0,6.454545454545454,5.298370246852071
1111,Nott'ham Forest,Fld,3.5,5.6,7.058485830702093
1112,Fulham,Fld,3.0,9.375,11.312919289782936
1113,all,Off,0.0,0.9814814814814815,1.8171353969416426
1114,West Ham,Off,0.0,1.4545454545454546,2.423371055519
1115,Manchester City,Off,0.0,1.1,2.8067379246694513
1116,Leicester City,Off,0.0,1.0,1.4832396974191326
1117,Southampton,Off,0.0,0.8571428571428571,2.381245403214391
1118,Brighton,Off,1.0,0.7333333333333333,0.8837151016885367
1119,Ipswich Town,Off,0.0,0.9375,2.0155644370746373
1120,Bournemouth,Off,0.0,0.2222222222222222,0.44095855184409843
1121,Manchester Utd,Off,0.0,0.7857142857142857,1.9681530361296538
1122,Aston Villa,Off,1.0,1.6428571428571428,2.134231724753677
1123,Tottenham,Off,0.0,0.7272727272727273,1.555050423035156
1124,Everton,Off,0.0,0.42857142857142855,1.1338934190276817
1125,Chelsea,Off,1.0,0.7692307692307693,0.9268086959962984
1126,Crystal Palace,Off,0.0,0.8888888888888888,1.1666666666666667
1127,Brentford,Off,0.0,0.2857142857142857,0.48795003647426655
1128,Arsenal,Off,2.0,2.888888888888889,3.018461712712472
1129,Newcastle Utd,Off,0.5,1.0,1.247219128924647
1130,Liverpool,Off,0.0,0.2857142857142857,0.4879500364742666
1131,Wolves,Off,0.0,1.2727272727272727,1.7372915179041826
1132,Nott'ham Forest,Off,0.0,1.2,2.5733678754158373
1133,Fulham,Off,0.0,0.625,1.0606601717798212
1134,all,Crs,4.0,8.722222222222221,12.122117654688413
1135,West Ham,Crs,13.0,14.272727272727273,12.530689598668616
1136,Manchester City,Crs,3.0,7.4,9.215928240461366
1137,Leicester City,Crs,4.0,8.545454545454545,9.882951344245669
1138,Southampton,Crs,3.5,7.071428571428571,9.659306279552265
1139,Brighton,Crs,9.0,12.333333333333334,12.832251036613439
1140,Ipswich Town,Crs,4.5,7.6875,11.163743398460333
1141,Bournemouth,Crs,5.0,9.444444444444445,13.454656360449263
1142,Manchester Utd,Crs,2.5,11.285714285714286,20.40146514885096
1143,Aston Villa,Crs,2.0,9.357142857142858,14.134557449234634
1144,Tottenham,Crs,7.0,9.363636363636363,10.670264544731095
1145,Everton,Crs,1.0,2.142857142857143,2.7342623276105895
1146,Chelsea,Crs,1.0,4.769230769230769,10.313048742199095
1147,Crystal Palace,Crs,3.0,4.333333333333333,5.26782687642637
1148,Brentford,Crs,3.0,7.428571428571429,11.058287131636357
1149,Arsenal,Crs,10.0,12.777777777777779,14.998148033822192
1150,Newcastle Utd,Crs,1.0,2.6,4.948624949305502
1151,Liverpool,Crs,2.0,10.285714285714286,19.15475820533274
1152,Wolves,Crs,8.0,10.545454545454545,11.986355879612756
1153,Nott'ham Forest,Crs,3.5,9.4,12.384578223652909
1154,Fulham,Crs,8.5,10.5,11.783766072743589
1155,all,Recov,17.0,19.5,14.376660672528347
1156,West Ham,Recov,21.0,20.818181818181817,13.105862671477846
1157,Manchester City,Recov,26.5,24.8,12.15456018675021
1158,Leicester City,Recov,17.0,20.272727272727273,13.60948866850558
1159,Southampton,Recov,13.0,15.071428571428571,13.75871352278976
1160,Brighton,Recov,20.0,22.4,15.564611876212746
1161,Ipswich Town,Recov,15.5,19.75,15.51128621359299
1162,Bournemouth,Recov,16.0,20.555555555555557,16.348632290738507
1163,Manchester Utd,Recov,11.0,14.714285714285714,14.730546866597011
1164,Aston Villa,Recov,17.0,19.928571428571427,14.667936175493526
1165,Tottenham,Recov,9.0,16.545454545454547,17.66558029821628
1166,Everton,Recov,9.0,14.857142857142858,15.763127560106543
1167,Chelsea,Recov,15.0,20.384615384615383,17.423826892785165
1168,Crystal Palace,Recov,10.0,13.0,9.300537618869138
1169,Brentford,Recov,11.0,16.857142857142858,15.345233477408888
1170,Arsenal,Recov,24.0,24.333333333333332,14.551632210855248
1171,Newcastle Utd,Recov,16.5,16.0,10.749676997731399
1172,Liverpool,Recov,18.0,19.714285714285715,11.700630833624396
1173,Wolves,Recov,27.0,24.363636363636363,12.595814600673728
1174,Nott'ham Forest,Recov,22.0,25.3,16.05580545749384
1175,Fulham,Recov,14.0,19.375,16.221128197508335
1176,all,Won,4.0,6.407407407407407,9.10970557003804
1177,West Ham,Won,5.0,8.909090909090908,7.905119169937231
1178,Manchester City,Won,5.5,6.5,4.813176359397884
1179,Leicester City,Won,6.0,6.0,4.919349550499537
1180,Southampton,Won,4.0,10.785714285714286,22.529224000527268
1181,Brighton,Won,4.0,5.666666666666667,6.4660284417503
1182,Ipswich Town,Won,4.0,5.75,7.113367697511496
1183,Bournemouth,Won,6.0,7.0,7.632168761236874
1184,Manchester Utd,Won,3.0,4.071428571428571,3.5183974873684867
1185,Aston Villa,Won,4.0,4.714285714285714,5.580578567035603
1186,Tottenham,Won,2.0,4.909090909090909,5.906852722974316
1187,Everton,Won,1.0,7.142857142857143,8.668497975016038
1188,Chelsea,Won,4.0,7.3076923076923075,7.878077339307007
1189,Crystal Palace,Won,2.0,4.111111111111111,5.348935511960404
1190,Brentford,Won,2.0,3.142857142857143,2.672612419124244
1191,Arsenal,Won,8.0,7.666666666666667,6.726812023536855
1192,Newcastle Utd,Won,5.0,4.9,2.923088169119167
1193,Liverpool,Won,5.0,4.285714285714286,3.093772546815388
1194,Wolves,Won,4.0,7.2727272727272725,8.050973967054036
1195,Nott'ham Forest,Won,5.0,6.5,6.114645442614713
1196,Fulham,Won,4.0,11.25,22.66369028077416
1197,all,Lost_y,5.0,6.972222222222222,8.267569968152346
1198,West Ham,Lost_y,8.0,10.363636363636363,10.327368757556082
1199,Manchester City,Lost_y,7.0,6.6,2.716206504995115
1200,Leicester City,Lost_y,5.0,8.181818181818182,8.611831185272756
1201,Southampton,Lost_y,2.5,7.357142857142857,13.870872319400062
1202,Brighton,Lost_y,4.0,5.733333333333333,5.586548470166871
1203,Ipswich Town,Lost_y,6.0,7.375,6.652067347825035
1204,Bournemouth,Lost_y,7.0,7.444444444444445,6.710274046399132
1205,Manchester Utd,Lost_y,2.0,3.357142857142857,3.586451918350135
1206,Aston Villa,Lost_y,5.0,5.428571428571429,4.750939756661683
1207,Tottenham,Lost_y,2.0,5.090909090909091,6.579582744438214
1208,Everton,Lost_y,4.0,6.857142857142857,7.733661733585444
1209,Chelsea,Lost_y,4.0,6.076923076923077,6.713934992009014
1210,Crystal Palace,Lost_y,4.0,7.888888888888889,9.360080721399315
1211,Brentford,Lost_y,3.0,3.2857142857142856,2.2146697055682827
1212,Arsenal,Lost_y,7.0,8.11111111111111,4.986091767217197
1213,Newcastle Utd,Lost_y,5.0,5.3,4.423422506008969
1214,Liverpool,Lost_y,4.0,4.142857142857143,2.734262327610589
1215,Wolves,Lost_y,9.0,8.272727272727273,5.8667011018273145
1216,Nott'ham Forest,Lost_y,7.5,11.1,12.314851016376753
1217,Fulham,Lost_y,5.5,13.125,20.9655329392928
