Player,Nation,Team,Position,Age,MP,Starts,Min,Gls,Ast,CrdY,CrdR,xG,xAG,PrgC,PrgP_x,PrgR_x,Gls_per90,Ast_per90,xG_per90,xAG_per90,GA90,Save%,CS%,PenSave%,SoT%,SoT/90,G/sh,Dist,Cmp,Cmp%,TotDist_x,ShortCmp%,MedCmp%,LongCmp%,KP,1/3_x,PPA,CrsPA,PrgP_y,SCA,SCA90,GCA,GCA90,Tkl,TklW,Att_x,Lost_x,Blocks,Sh,Pass,Int,Touches,Def Pen,Def 3rd,Mid 3rd,Att 3rd,Att Pen,Att_y,Succ%,Tkld%,Carries,TotDist_y,PrgDist,1/3_y,CPA,Mis,Dis,Rec,PrgR_y,Fls,Fld,Off,Crs,Recov,Won,Lost_y,Won%
Aaron Cresswell,eng ENG,West Ham,DF,35-140,14,7,589.0,0,0,2,0,0.1,1.1,4,24,2,0.00,0.00,0.02,0.17,N/a,N/a,N/a,N/a,0.0,0.0,0.00,29.8,355,80.7,6769,90.8,85.9,54.9,40,40,4,1,24,12,1.83,0,0.00,8,4,8,2,7,4,3,6,495,33,196,236,68,1,1,100.0,0.0,200,773,388,7,0,3,0,312,2,3,1,0,27,21,7,6,53.8
Abdukodir Khusanov,uz UZB,Manchester City,DF,21-064,6,6,503.0,0,0,1,0,0.0,0.1,1,25,2,0.00,0.00,0.00,0.02,N/a,N/a,N/a,N/a,0.0,0.0,0.00,23.9,360,91.1,6126,94.7,97.0,26.1,23,23,0,0,25,5,0.89,0,0.00,5,4,3,1,5,4,1,3,445,45,205,211,31,1,2,0.0,100.0,274,1155,435,1,0,2,1,332,2,3,3,0,1,27,6,4,60.0
Abdul Fatawu Issahaku,gh GHA,Leicester City,FW,21-057,11,6,579.0,0,2,0,0,0.4,1.6,42,17,60,0.00,0.31,0.06,0.24,N/a,N/a,N/a,N/a,38.5,38.5,0.00,31.2,123,62.4,2150,72.8,76.3,48.5,7,7,7,2,17,17,2.64,3,0.47,21,15,19,8,7,0,7,4,326,19,73,114,157,26,69,42.0,40.6,217,1869,1055,24,15,18,12,216,60,11,20,2,30,38,14,13,51.9
Adam Lallana,eng ENG,Southampton,MF,36-359,14,5,361.0,0,2,4,0,0.2,0.9,6,24,10,0.00,0.50,0.04,0.23,N/a,N/a,N/a,N/a,0.0,0.0,0.00,18.1,221,85.0,2891,89.1,91.0,44.4,21,21,9,3,24,9,2.24,2,0.50,8,5,12,10,4,1,3,5,318,19,91,155,73,6,12,41.7,41.7,178,831,366,8,0,10,6,245,10,8,8,0,4,19,2,2,50.0
Adam Webster,eng ENG,Brighton,DF,30-120,11,8,617.0,0,0,0,0,0.0,0.5,7,40,2,0.00,0.00,0.00,0.07,N/a,N/a,N/a,N/a,100.0,100.0,0.00,15.3,429,85.6,7934,95.5,91.8,50.6,32,32,2,0,40,10,1.46,3,0.44,8,5,11,6,12,9,3,14,569,84,279,271,22,8,3,33.3,66.7,326,1927,1142,2,0,3,1,384,2,5,2,1,1,20,17,4,81.0
Albert Grønbaek,dk DEN,Southampton,"FW,MF",23-346,4,2,143.0,0,0,0,0,0.1,0.0,1,1,3,0.00,0.00,0.07,0.01,N/a,N/a,N/a,N/a,0.0,0.0,0.00,22.4,13,72.2,135,81.8,50.0,N/a,2,2,0,0,1,2,1.26,0,0.00,4,1,10,7,1,1,0,0,38,2,9,14,15,2,4,0.0,100.0,18,79,15,0,1,5,4,21,3,0,1,0,1,6,2,0,100.0
Alex Mccarthy,eng ENG,Southampton,GK,35-152,5,5,450.0,0,0,0,0,0.0,0.0,0,0,0,0.00,0.00,0.00,0.00,2.60,70.3,0.0,0.0,N/a,N/a,N/a,N/a,117,75.0,2823,95.3,91.8,49.2,5,5,0,0,0,0,0.00,0,0.00,0,0,0,0,0,0,0,0,173,141,173,0,0,0,0,N/a,N/a,100,452,276,0,0,0,0,88,0,0,1,0,0,4,2,0,100.0
Alex Palmer,eng ENG,Ipswich Town,GK,28-267,11,11,990.0,0,0,2,0,0.0,0.0,0,1,0,0.00,0.00,0.00,0.00,2.45,58.7,0.0,0.0,N/a,N/a,N/a,N/a,241,67.7,7340,95.8,100.0,43.8,7,7,0,0,1,2,0.18,0,0.00,0,0,0,0,0,0,0,0,400,334,393,8,0,0,0,N/a,N/a,180,1022,604,0,0,1,0,132,0,1,2,0,0,15,4,0,100.0
Alex Scott,eng ENG,Bournemouth,MF,21-256,18,7,709.0,0,0,2,0,0.7,0.8,15,49,33,0.00,0.00,0.08,0.11,N/a,N/a,N/a,N/a,38.5,38.5,0.00,20.0,265,83.1,4257,88.5,91.9,60.6,37,37,4,0,49,28,3.55,2,0.25,26,13,40,22,17,4,13,10,456,22,84,245,133,18,26,23.1,50.0,238,1351,640,9,3,22,8,274,33,13,26,0,6,50,7,7,50.0
Ali Al Hamadi,iq IRQ,Ipswich Town,FW,23-064,11,0,134.0,0,0,3,0,0.4,0.1,4,3,14,0.00,0.00,0.24,0.05,N/a,N/a,N/a,N/a,0.0,0.0,0.00,15.7,25,83.3,278,87.0,71.4,N/a,0,0,0,0,3,8,5.37,0,0.00,1,0,2,2,0,0,0,0,53,2,6,20,30,9,7,57.1,42.9,29,187,111,3,4,7,4,36,14,8,3,1,0,4,5,9,35.7
Altay Bayındır,tr TUR,Manchester Utd,GK,27-020,1,1,90.0,0,0,0,0,0.0,0.0,0,0,0,0.00,0.00,0.00,0.00,4.00,33.3,0.0,N/a,N/a,N/a,N/a,N/a,32,52.5,942,100.0,85.0,33.3,1,1,0,0,0,0,0.00,0,0.00,0,0,1,1,0,0,0,0,66,58,64,2,0,0,0,N/a,N/a,45,163,59,0,0,0,0,43,0,0,0,0,0,0,1,1,50.0
Andrés García,es ESP,Aston Villa,"DF,MF",22-086,7,5,318.0,0,0,0,0,0.0,0.2,26,15,28,0.00,0.00,0.01,0.05,N/a,N/a,N/a,N/a,0.0,0.0,0.00,26.6,174,86.6,2725,92.7,90.2,53.8,9,9,8,5,15,3,0.85,0,0.00,9,5,8,4,2,0,2,2,256,8,38,108,112,2,18,27.8,66.7,159,1262,673,13,2,10,6,168,28,1,0,0,18,15,0,6,0.0
Andy Irving,sct SCO,West Ham,MF,24-356,10,1,166.0,0,0,2,0,0.1,0.2,0,9,4,0.00,0.00,0.06,0.13,N/a,N/a,N/a,N/a,50.0,50.0,0.00,26.2,109,87.9,1705,95.3,83.7,100.0,14,14,1,1,9,5,2.68,0,0.00,7,4,5,4,5,1,4,1,150,7,37,89,24,0,1,100.0,0.0,73,305,137,1,0,1,3,104,4,6,1,0,2,10,1,1,50.0
Antony,br BRA,Manchester Utd,"DF,MF",25-069,8,0,141.0,0,0,0,0,1.0,0.1,5,6,7,0.00,0.00,0.65,0.08,N/a,N/a,N/a,N/a,50.0,50.0,0.00,15.8,56,81.2,688,88.2,64.3,100.0,1,1,5,2,6,8,5.11,0,0.00,6,3,5,3,2,0,2,2,101,2,22,26,54,8,11,36.4,54.5,60,317,182,6,1,5,1,69,7,2,5,0,5,11,0,1,0.0
Antonín Kinský,cz CZE,Tottenham,GK,22-052,4,4,360.0,0,0,0,0,0.0,0.1,1,1,0,0.00,0.00,0.00,0.02,1.75,56.3,25.0,N/a,N/a,N/a,N/a,N/a,116,80.0,2699,100.0,96.1,47.9,2,2,0,0,1,1,0.25,0,0.00,3,1,1,0,0,0,0,0,156,134,154,2,0,0,0,N/a,N/a,97,444,267,0,0,0,0,98,0,0,0,0,0,4,2,0,100.0
Armando Broja,al ALB,Everton,FW,23-236,10,4,334.0,0,0,1,0,0.1,0.2,12,2,26,0.00,0.00,0.03,0.05,N/a,N/a,N/a,N/a,0.0,0.0,0.00,17.3,53,72.6,594,77.8,83.3,66.7,3,3,0,0,2,7,1.89,0,0.00,3,1,0,0,3,0,3,1,127,4,14,47,72,18,16,50.0,43.8,64,577,281,8,3,16,13,94,26,6,4,3,1,9,18,21,46.2
Armel Bella Kotchap,de GER,Southampton,DF,23-144,4,2,331.0,0,0,0,0,0.3,0.0,0,5,0,0.00,0.00,0.09,0.00,N/a,N/a,N/a,N/a,0.0,0.0,0.00,9.1,202,90.2,3829,98.5,96.7,55.2,6,6,0,0,5,2,0.54,0,0.00,7,5,6,3,2,2,0,5,263,33,147,115,3,1,1,0.0,100.0,186,936,326,0,0,1,0,192,0,3,2,0,0,19,6,5,54.5
Axel Disasi,fr FRA,Aston Villa,DF,27-054,7,5,490.0,0,0,2,0,0.1,0.4,10,16,5,0.00,0.00,0.02,0.07,N/a,N/a,N/a,N/a,0.0,0.0,0.00,19.5,243,86.8,4080,94.5,89.7,53.3,14,14,3,0,16,9,1.65,0,0.00,8,5,7,4,4,1,3,5,334,32,130,178,29,6,15,60.0,40.0,207,1268,621,8,2,3,2,223,5,3,2,2,1,15,8,6,57.1
Axel Disasi,fr FRA,Chelsea,DF,27-054,6,4,364.0,1,0,1,0,0.3,0.1,6,16,2,0.25,0.00,0.07,0.02,N/a,N/a,N/a,N/a,0.0,0.0,0.00,19.5,243,86.8,4080,94.5,89.7,53.3,14,14,3,0,16,9,1.65,0,0.00,8,5,7,4,4,1,3,5,334,32,130,178,29,6,15,60.0,40.0,207,1268,621,8,2,3,2,223,5,3,2,2,1,15,8,6,57.1
Ayden Heaven,eng ENG,Manchester Utd,DF,18-224,2,1,95.0,0,0,0,0,0.0,0.0,1,2,1,0.00,0.00,0.00,0.00,N/a,N/a,N/a,N/a,N/a,N/a,N/a,N/a,40,81.6,695,82.4,88.9,33.3,2,2,0,0,2,2,1.89,0,0.00,3,3,2,0,2,2,0,1,67,21,42,23,3,1,2,100.0,0.0,42,245,122,1,0,2,1,40,1,2,3,0,0,4,1,2,33.3
Ben Brereton,cl CHI,Southampton,FW,26-016,10,4,449.0,0,0,1,0,0.9,0.1,12,9,42,0.00,0.00,0.18,0.02,N/a,N/a,N/a,N/a,9.1,9.1,0.00,17.3,128,77.1,1836,87.4,67.9,63.6,9,9,2,1,9,9,1.80,0,0.00,3,2,9,8,2,1,1,0,206,4,19,76,112,20,4,25.0,50.0,136,791,394,13,4,9,4,171,42,4,8,1,5,16,9,7,56.3
Ben Chilwell,eng ENG,Crystal Palace,DF,28-134,6,0,139.0,0,0,1,0,0.1,0.2,2,3,10,0.00,0.00,0.05,0.13,N/a,N/a,N/a,N/a,50.0,50.0,0.00,27.6,45,65.2,618,83.9,64.0,11.1,4,4,2,0,3,3,1.93,0,0.00,4,4,3,3,3,1,2,4,98,6,35,43,25,1,5,40.0,40.0,39,203,146,1,0,2,2,42,10,2,2,2,3,12,3,3,50.0
Ben Godfrey,eng ENG,Ipswich Town,DF,27-109,3,2,159.0,0,0,1,0,0.0,0.0,2,4,1,0.00,0.00,0.00,0.00,N/a,N/a,N/a,N/a,N/a,N/a,N/a,N/a,47,82.5,657,90.9,88.9,N/a,5,5,1,0,4,1,0.57,0,0.00,1,0,1,0,1,1,0,2,68,6,26,33,9,1,0,N/a,N/a,33,202,79,2,0,2,1,42,1,1,0,0,0,2,3,0,100.0
Ben Mee,eng ENG,Brentford,DF,35-225,7,2,183.0,0,0,2,0,0.0,0.0,3,11,2,0.00,0.00,0.00,0.00,N/a,N/a,N/a,N/a,N/a,N/a,N/a,N/a,93,77.5,1751,89.5,85.0,40.0,10,10,0,0,11,0,0.00,0,0.00,2,2,1,0,3,3,0,4,138,18,66,62,11,3,0,N/a,N/a,78,404,274,1,1,0,0,86,2,5,0,0,0,11,5,5,50.0
Ben White,eng ENG,Arsenal,DF,27-208,14,10,941.0,0,1,2,0,0.4,0.8,11,44,28,0.00,0.10,0.04,0.08,N/a,N/a,N/a,N/a,14.3,14.3,0.00,19.1,449,83.6,7269,92.4,84.6,48.9,39,39,8,1,44,16,1.53,1,0.10,13,9,28,17,9,7,2,15,633,46,183,289,165,20,4,0.0,75.0,292,1140,625,11,3,8,4,375,28,8,4,1,10,26,15,5,75.0
Benoît Badiashile,fr FRA,Chelsea,DF,24-039,5,3,334.0,0,0,0,0,0.0,0.0,3,17,2,0.00,0.00,0.00,0.00,N/a,N/a,N/a,N/a,N/a,N/a,N/a,N/a,273,89.8,4820,93.3,93.8,65.6,37,37,1,0,17,0,0.00,0,0.00,9,6,5,1,2,2,0,6,336,31,138,186,13,0,1,0.0,100.0,177,660,340,5,0,1,0,247,2,6,2,0,0,18,8,2,80.0
Billy Gilmour,sct SCO,Brighton,MF,23-327,2,1,98.0,0,0,0,0,0.1,0.0,2,11,2,0.00,0.00,0.07,0.00,N/a,N/a,N/a,N/a,0.0,0.0,0.00,25.5,58,86.6,980,94.7,81.8,57.1,12,12,2,0,11,3,2.76,0,0.00,3,3,4,1,1,0,1,0,73,2,14,46,13,0,2,50.0,50.0,44,210,117,0,0,0,0,58,2,2,3,0,1,5,0,0,N/a
Bobby De Cordova-Reid,jm JAM,Leicester City,FW,32-091,23,9,744.0,1,2,2,0,0.8,1.2,14,15,48,0.12,0.24,0.10,0.15,N/a,N/a,N/a,N/a,42.9,42.9,0.14,25.1,145,70.4,1883,81.5,73.6,33.3,9,9,5,0,15,13,1.57,3,0.36,9,4,14,10,6,1,5,0,272,15,49,114,109,16,10,0.0,80.0,174,816,389,5,6,11,10,188,48,9,9,4,15,29,6,14,30.0
Brajan Gruda,de GER,Brighton,"FW,MF",20-338,17,6,507.0,0,3,0,0,0.4,1.2,16,17,47,0.00,0.53,0.07,0.22,N/a,N/a,N/a,N/a,50.0,50.0,0.00,16.8,138,73.4,1846,82.6,71.1,38.1,7,7,10,1,17,26,4.61,4,0.71,14,6,14,7,8,0,8,2,259,4,33,89,141,33,23,39.1,43.5,152,1063,491,17,10,9,20,170,47,6,9,1,17,19,3,4,42.9
Brandon Austin,eng ENG,Tottenham,GK,26-116,1,1,90.0,0,0,0,0,0.0,0.0,0,0,0,0.00,0.00,0.00,0.00,2.00,50.0,0.0,N/a,N/a,N/a,N/a,N/a,22,68.8,526,100.0,100.0,37.5,0,0,0,0,0,0,0.00,0,0.00,0,0,0,0,0,0,0,0,36,30,36,0,0,0,0,N/a,N/a,22,104,46,0,0,0,0,16,0,0,2,0,0,1,2,0,100.0
Callum Wilson,eng ENG,Newcastle Utd,FW,33-066,14,1,268.0,0,0,1,0,0.3,0.1,5,3,11,0.00,0.00,0.11,0.02,N/a,N/a,N/a,N/a,0.0,0.0,0.00,15.0,27,69.2,381,76.5,80.0,N/a,1,1,0,0,3,6,2.01,0,0.00,2,2,2,2,2,0,2,1,71,1,5,41,28,15,5,20.0,40.0,36,210,92,4,5,10,8,42,11,2,1,3,2,10,2,12,14.3
Caoimhín Kelleher,ie IRL,Liverpool,GK,26-162,10,10,900.0,0,0,0,0,0.0,0.0,0,0,0,0.00,0.00,0.00,0.00,1.20,67.6,40.0,100.0,N/a,N/a,N/a,N/a,289,75.7,6252,100.0,100.0,31.9,6,6,0,0,0,3,0.30,1,0.10,0,0,0,0,0,0,0,0,398,286,396,2,0,0,1,100.0,0.0,290,1131,616,0,0,1,0,275,0,0,3,0,0,18,1,0,100.0
Carlos Alcaraz,ar ARG,Everton,"FW,MF",22-155,12,5,580.0,1,2,4,0,1.3,1.5,15,37,17,0.16,0.31,0.21,0.23,N/a,N/a,N/a,N/a,100.0,100.0,0.00,9.7,13,100.0,221,100.0,100.0,100.0,4,4,1,1,6,1,9.00,0,0.00,0,0,0,0,0,0,0,1,17,0,1,8,9,2,2,0.0,100.0,12,112,98,1,0,0,0,12,1,1,0,0,1,2,1,0,100.0
Carlos Forbs,pt POR,Wolves,"MF,FW",21-046,10,1,239.0,0,0,2,0,0.1,0.0,10,8,28,0.00,0.00,0.05,0.01,N/a,N/a,N/a,N/a,0.0,0.0,0.00,19.1,60,65.9,788,76.5,73.1,20.0,2,2,3,1,8,5,1.89,1,0.38,8,5,6,2,3,0,3,1,121,3,23,39,60,13,12,58.3,41.7,75,468,321,3,8,7,4,85,28,2,1,0,9,11,1,3,25.0
Chadi Riad,ma MAR,Crystal Palace,DF,21-321,1,1,90.0,0,0,0,0,0.0,0.0,2,7,0,0.00,0.00,0.00,0.00,N/a,N/a,N/a,N/a,N/a,N/a,N/a,N/a,70,85.4,1411,85.7,92.7,61.5,8,8,1,0,7,0,0.00,0,0.00,5,2,3,1,0,0,0,2,90,5,41,49,1,0,0,N/a,N/a,58,318,232,0,0,1,0,69,0,1,0,0,0,4,2,4,33.3
Charlie Taylor,eng ENG,Southampton,DF,31-228,7,2,266.0,0,0,1,0,0.0,0.1,3,8,6,0.00,0.00,0.00,0.03,N/a,N/a,N/a,N/a,N/a,N/a,N/a,N/a,154,87.0,2691,94.0,89.5,70.6,8,8,2,1,8,2,0.68,1,0.34,7,5,6,1,5,3,2,3,219,21,93,91,36,1,2,100.0,0.0,91,386,155,3,0,1,1,133,6,2,2,0,9,7,4,2,66.7
Cheick Doucouré,ml MLI,Crystal Palace,MF,25-116,13,4,452.0,0,0,1,0,0.4,0.0,2,19,7,0.00,0.00,0.08,0.00,N/a,N/a,N/a,N/a,0.0,0.0,0.00,20.6,174,85.3,2909,89.4,89.7,80.0,17,17,3,0,19,9,1.79,3,0.60,16,8,11,6,4,0,4,11,263,11,56,165,45,4,5,40.0,40.0,133,581,280,7,1,4,7,160,7,7,7,0,1,31,5,5,50.0
Chiedozie Ogbene,ie IRL,Ipswich Town,FW,28-003,5,3,238.0,0,0,0,0,0.0,0.1,7,0,15,0.00,0.00,0.00,0.03,N/a,N/a,N/a,N/a,N/a,N/a,N/a,N/a,32,74.4,415,83.3,80.0,100.0,0,0,0,0,0,3,1.13,0,0.00,7,3,4,2,1,0,1,1,70,3,11,19,40,6,7,14.3,42.9,41,330,139,2,2,4,2,43,15,2,7,1,4,6,1,6,14.3
Christian Eriksen,dk DEN,Manchester Utd,MF,33-079,20,11,994.0,0,1,4,0,0.3,2.6,10,49,29,0.00,0.09,0.03,0.24,N/a,N/a,N/a,N/a,11.1,11.1,0.00,24.8,548,79.5,9150,91.9,80.3,49.1,53,53,8,2,49,45,4.07,6,0.54,19,9,24,13,13,4,9,7,778,24,160,376,246,13,3,0.0,100.0,424,1527,677,11,0,11,5,514,29,8,3,0,74,59,2,5,28.6
Christian Walton,eng ENG,Ipswich Town,GK,29-176,6,6,540.0,0,0,0,0,0.0,0.0,0,0,0,0.00,0.00,0.00,0.00,2.67,57.6,16.7,0.0,N/a,N/a,N/a,N/a,152,67.3,4170,100.0,97.2,36.8,1,1,0,0,0,2,0.33,0,0.00,0,0,1,1,0,0,0,0,242,224,241,1,0,0,0,N/a,N/a,122,572,305,0,0,0,0,117,0,0,1,0,0,5,2,0,100.0
Christopher Nkunku,fr FRA,Chelsea,FW,27-171,27,9,921.0,3,2,2,0,4.8,2.1,17,25,68,0.29,0.20,0.47,0.21,N/a,N/a,N/a,N/a,44.0,44.0,0.12,12.6,299,89.5,3928,91.6,92.2,100.0,26,26,7,0,25,34,3.32,4,0.39,12,8,8,2,9,2,7,7,448,10,52,183,217,52,27,37.0,51.9,280,1368,628,16,13,18,17,356,68,16,11,3,4,29,16,22,42.1
Conor Bradley,nir NIR,Liverpool,DF,21-299,15,4,533.0,0,1,3,0,0.6,0.5,26,25,27,0.00,0.17,0.10,0.08,N/a,N/a,N/a,N/a,33.3,33.3,0.00,14.3,358,83.8,5339,91.6,88.2,35.5,20,20,3,1,25,16,2.71,2,0.34,11,8,16,8,4,0,4,3,511,17,142,238,140,33,16,37.5,56.3,282,1730,1012,17,7,8,2,322,27,8,10,0,5,34,7,6,53.8
Conor Chaplin,eng ENG,Ipswich Town,"MF,FW",28-077,19,8,712.0,1,1,2,0,1.2,0.7,11,26,20,0.13,0.13,0.15,0.09,N/a,N/a,N/a,N/a,25.0,25.0,0.08,18.3,186,72.7,2998,80.9,79.2,40.0,20,20,7,2,26,21,2.66,1,0.13,12,5,13,7,8,1,7,3,314,7,57,158,104,12,7,57.1,42.9,148,759,403,7,0,11,3,215,20,11,6,0,9,25,2,9,18.2
Conor Townsend,eng ENG,Ipswich Town,DF,32-061,6,3,335.0,0,1,1,0,0.0,0.7,2,8,13,0.00,0.27,0.01,0.18,N/a,N/a,N/a,N/a,0.0,0.0,0.00,16.7,80,63.0,1418,82.1,74.5,29.2,7,7,2,2,8,5,1.34,1,0.27,11,8,11,3,8,6,2,4,172,28,87,50,38,5,0,N/a,N/a,53,278,136,2,0,2,2,75,13,2,4,0,12,8,6,4,60.0
Craig Dawson,eng ENG,Wolves,DF,34-363,15,10,971.0,0,0,2,0,0.5,0.0,6,20,5,0.00,0.00,0.05,0.00,N/a,N/a,N/a,N/a,20.0,20.0,0.00,8.5,484,86.6,9745,92.5,93.0,60.0,22,22,1,0,20,7,0.65,2,0.19,15,3,15,3,16,11,5,9,671,130,396,249,28,14,5,20.0,40.0,390,1819,938,1,0,2,0,443,5,6,5,2,0,35,21,11,65.6
Crysencio Summerville,nl NED,West Ham,"FW,MF",23-186,19,7,786.0,1,1,2,0,1.6,1.7,29,18,71,0.11,0.11,0.19,0.19,N/a,N/a,N/a,N/a,28.6,28.6,0.07,13.4,194,76.4,2881,84.5,88.7,50.0,13,13,12,5,18,35,4.01,1,0.11,13,7,9,6,13,4,9,0,372,9,47,147,181,38,39,33.3,46.2,207,1463,762,15,13,20,16,259,71,9,23,4,21,38,4,9,30.8
Daniel Bentley,eng ENG,Wolves,GK,31-295,1,1,90.0,0,0,0,0,0.0,0.0,0,0,0,0.00,0.00,0.00,0.00,0.00,100.0,100.0,N/a,N/a,N/a,N/a,N/a,20,58.8,552,100.0,100.0,30.0,0,0,0,0,0,0,0.00,0,0.00,0,0,0,0,0,0,0,0,35,30,35,0,0,0,0,N/a,N/a,18,102,32,0,0,0,0,14,0,0,0,0,0,1,2,0,100.0
Danilo,br BRA,Nott'ham Forest,"MF,FW",24-005,7,5,267.0,0,0,0,0,0.0,0.0,2,11,1,0.00,0.00,0.00,0.00,N/a,N/a,N/a,N/a,N/a,N/a,N/a,N/a,89,78.1,1435,84.3,83.7,60.0,13,13,0,0,11,7,2.37,2,0.68,6,3,4,2,2,1,1,3,140,8,50,78,13,0,6,50.0,50.0,49,217,61,0,0,6,0,83,1,1,0,0,3,18,1,1,50.0
Danny Ings,eng ENG,West Ham,"FW,MF",32-285,15,1,284.0,1,2,0,0,2.3,1.3,6,5,29,0.32,0.63,0.72,0.41,N/a,N/a,N/a,N/a,35.7,35.7,0.07,15.5,63,68.5,830,83.7,65.5,20.0,4,4,1,0,5,12,3.80,2,0.63,4,2,3,2,5,0,5,1,139,2,15,51,73,27,7,57.1,28.6,63,324,118,0,2,6,6,96,29,0,2,0,3,9,8,10,44.4
Danny Ward,wls WAL,Leicester City,GK,31-316,2,1,135.0,0,0,0,0,0.0,0.0,0,0,0,0.00,0.00,0.00,0.00,4.00,40.0,0.0,N/a,N/a,N/a,N/a,N/a,41,77.4,1162,100.0,100.0,55.6,2,2,0,0,0,0,0.00,0,0.00,0,0,0,0,0,0,0,0,55,40,55,0,0,0,1,0.0,100.0,44,176,107,0,0,0,0,35,0,0,0,0,0,1,0,0,N/a
David Brooks,wls WAL,Bournemouth,"FW,MF",27-300,26,8,832.0,2,0,3,0,2.2,1.7,25,27,75,0.22,0.00,0.24,0.18,N/a,N/a,N/a,N/a,45.5,45.5,0.09,16.8,245,74.2,3791,84.8,76.2,51.4,15,15,15,5,27,35,3.79,2,0.22,11,4,14,13,16,2,14,5,451,13,54,164,241,32,31,25.8,64.5,278,1853,812,22,8,27,11,306,75,8,15,0,44,44,7,10,41.2
Diego Carlos,br BRA,Aston Villa,DF,32-050,10,8,830.0,0,0,1,0,0.6,0.0,3,34,0,0.00,0.00,0.07,0.00,N/a,N/a,N/a,N/a,25.0,25.0,0.00,6.7,534,88.6,10941,91.4,94.2,65.1,23,23,1,0,34,4,0.43,0,0.00,8,3,6,2,13,7,6,5,674,86,331,330,15,6,2,100.0,0.0,419,2133,1162,3,0,1,2,481,0,11,1,1,0,36,11,10,52.4
Diego Gómez,py PAR,Brighton,MF,22-038,12,4,440.0,0,0,0,0,0.4,0.5,5,20,14,0.00,0.00,0.09,0.10,N/a,N/a,N/a,N/a,0.0,0.0,0.00,21.5,206,79.8,3195,85.8,84.1,52.2,12,12,5,1,20,14,2.86,3,0.61,17,10,18,9,11,0,11,7,342,18,79,184,83,5,12,50.0,50.0,161,582,254,3,0,6,9,203,14,7,2,1,9,30,7,3,70.0
Donyell Malen,nl NED,Aston Villa,FW,26-115,12,2,293.0,3,0,0,0,2.0,0.1,11,5,25,0.92,0.00,0.61,0.02,N/a,N/a,N/a,N/a,60.0,60.0,0.20,15.6,48,69.6,658,83.3,72.2,50.0,2,2,1,0,5,5,1.53,0,0.00,7,4,4,3,1,0,1,0,119,2,8,32,85,23,10,30.0,50.0,70,529,300,6,7,8,6,78,25,1,4,2,7,8,4,4,50.0
Eddie Nketiah,eng ENG,Crystal Palace,"FW,MF",25-339,25,8,880.0,1,1,5,1,4.3,1.5,37,17,65,0.10,0.10,0.44,0.15,N/a,N/a,N/a,N/a,33.3,33.3,0.03,14.4,165,75.0,2479,79.5,83.3,70.6,11,11,4,0,17,26,2.66,2,0.20,12,5,11,6,10,1,9,2,360,10,39,150,178,59,19,52.6,31.6,211,1536,807,22,13,30,15,256,65,25,23,3,5,21,18,31,36.7
Edmond-Paris Maghoma,eng ENG,Brentford,"MF,FW",23-361,8,0,119.0,0,0,0,0,0.1,0.1,4,13,4,0.00,0.00,0.09,0.08,N/a,N/a,N/a,N/a,0.0,0.0,0.00,23.8,76,90.5,1259,95.0,93.5,85.7,2,2,0,0,13,4,3.03,1,0.76,2,1,3,2,2,2,0,1,101,2,18,58,27,4,4,75.0,25.0,68,414,221,3,1,2,0,75,4,2,4,0,3,7,1,3,25.0
Emi Buendía,ar ARG,Aston Villa,"MF,FW",28-130,12,0,98.0,0,0,1,0,0.7,0.0,3,7,6,0.00,0.00,0.60,0.02,N/a,N/a,N/a,N/a,0.0,0.0,0.00,19.1,49,81.7,624,91.7,85.7,20.0,4,4,1,0,7,3,2.76,0,0.00,6,6,5,5,5,1,4,0,82,0,17,35,31,3,2,0.0,100.0,53,185,119,5,0,4,3,64,6,4,6,0,0,8,0,2,0.0
Emil Krafth,se SWE,Newcastle Utd,DF,30-275,9,2,288.0,0,0,0,0,0.0,0.1,3,7,1,0.00,0.00,0.01,0.03,N/a,N/a,N/a,N/a,0.0,0.0,0.00,14.6,104,80.0,1661,81.7,86.8,50.0,6,6,0,0,7,3,0.94,0,0.00,4,2,3,1,5,4,1,2,164,30,87,59,19,4,1,0.0,100.0,72,327,133,3,0,2,2,85,1,3,1,0,1,17,5,5,50.0
Enes Ünal,tr TUR,Bournemouth,"FW,MF",27-359,17,2,345.0,2,1,2,0,2.7,0.4,4,12,22,0.52,0.26,0.72,0.10,N/a,N/a,N/a,N/a,35.0,35.0,0.10,14.6,63,63.6,685,76.9,60.7,0.0,4,4,4,0,12,9,2.35,3,0.78,1,0,3,3,1,0,1,0,172,6,14,63,95,26,12,8.3,83.3,91,261,95,3,1,17,13,133,22,6,9,1,4,16,24,22,52.2
Ethan Nwaneri,eng ENG,Arsenal,"FW,MF",18-044,25,10,821.0,4,2,1,0,1.1,1.0,44,30,102,0.44,0.22,0.12,0.11,N/a,N/a,N/a,N/a,36.4,36.4,0.18,18.2,307,80.2,4430,91.9,76.9,51.4,16,16,13,6,30,22,2.41,3,0.33,11,7,18,11,8,2,6,2,496,3,43,160,298,40,55,58.2,30.9,334,2641,1243,23,16,21,17,362,102,8,5,6,51,33,4,7,36.4
Evan Ferguson,ie IRL,West Ham,FW,20-197,7,1,145.0,0,0,0,0,0.6,0.3,1,0,6,0.00,0.00,0.35,0.19,N/a,N/a,N/a,N/a,20.0,20.0,0.00,17.2,26,78.8,317,83.3,71.4,0.0,0,0,0,0,0,4,2.48,0,0.00,2,0,0,0,2,1,1,1,62,1,6,27,29,10,5,60.0,40.0,31,123,41,1,1,8,5,40,6,1,2,0,0,8,5,8,38.5
Evan Ferguson,ie IRL,Brighton,FW,20-197,13,2,246.0,1,0,0,0,0.5,0.4,2,1,9,0.37,0.00,0.20,0.15,N/a,N/a,N/a,N/a,20.0,20.0,0.00,17.2,26,78.8,317,83.3,71.4,0.0,0,0,0,0,0,4,2.48,0,0.00,2,0,0,0,2,1,1,1,62,1,6,27,29,10,5,60.0,40.0,31,123,41,1,1,8,5,40,6,1,2,0,0,8,5,8,38.5
Fabio Carvalho,pt POR,Brentford,"FW,MF",22-247,19,3,455.0,2,1,1,0,2.5,0.7,9,17,23,0.40,0.20,0.49,0.13,N/a,N/a,N/a,N/a,41.7,41.7,0.17,14.7,126,70.8,1755,83.0,71.1,38.9,11,11,5,1,17,10,1.97,1,0.20,13,9,13,7,6,1,5,3,247,4,44,91,113,22,14,14.3,71.4,137,698,356,3,0,13,8,145,23,5,10,1,10,30,2,6,25.0
Ferdi Kadioglu,tr TUR,Brighton,"DF,MF",25-209,6,5,385.0,1,0,1,0,0.4,0.2,1,15,27,0.23,0.00,0.10,0.04,N/a,N/a,N/a,N/a,25.0,25.0,0.25,15.1,144,82.3,2372,89.0,82.4,64.3,10,10,9,4,15,13,3.03,2,0.47,10,6,15,9,2,2,0,8,231,13,71,91,72,9,7,42.9,42.9,124,479,183,0,0,6,2,144,27,5,3,1,9,14,3,1,75.0
Filip Jørgensen,dk DEN,Chelsea,GK,23-018,6,6,540.0,0,0,0,0,0.0,0.0,0,0,0,0.00,0.00,0.00,0.00,1.50,71.4,16.7,0.0,N/a,N/a,N/a,N/a,158,83.6,2843,100.0,97.5,27.5,1,1,0,0,0,1,0.17,0,0.00,0,0,0,0,0,0,0,0,202,174,201,1,0,0,0,N/a,N/a,145,676,423,0,0,0,0,139,0,1,1,0,0,5,0,0,N/a
Fraser Forster,eng ENG,Tottenham,GK,37-048,7,7,630.0,0,0,0,0,0.0,0.0,0,0,0,0.00,0.00,0.00,0.00,2.14,69.0,14.3,0.0,N/a,N/a,N/a,N/a,168,84.8,3349,98.2,95.6,48.9,1,1,0,0,0,0,0.00,0,0.00,0,0,1,1,0,0,0,0,228,212,228,0,0,0,1,100.0,0.0,113,501,264,0,0,1,0,94,0,0,0,0,0,1,1,0,100.0
Gabriel Jesus,br BRA,Arsenal,FW,28-031,17,6,608.0,3,0,4,0,3.0,0.7,15,19,57,0.44,0.00,0.44,0.10,N/a,N/a,N/a,N/a,35.0,35.0,0.15,11.1,156,76.8,2030,80.5,87.2,66.7,10,10,9,1,19,18,2.66,4,0.59,10,6,9,5,10,1,9,4,299,9,28,108,165,48,22,40.9,45.5,179,953,432,6,11,13,13,217,57,14,10,9,7,28,9,18,33.3
George Hirst,sct SCO,Ipswich Town,FW,26-078,23,3,493.0,3,1,2,0,1.6,0.3,9,13,29,0.55,0.18,0.28,0.06,N/a,N/a,N/a,N/a,50.0,50.0,0.30,11.1,58,55.8,675,66.7,50.0,50.0,1,1,4,0,13,8,1.45,3,0.54,3,3,3,2,1,1,0,2,162,11,23,54,87,23,5,40.0,40.0,89,468,199,2,6,21,13,138,29,12,10,2,3,8,30,20,60.0
Gonçalo Guedes,pt POR,Wolves,"MF,FW",28-156,26,7,783.0,2,4,1,0,2.2,1.1,32,31,60,0.23,0.46,0.26,0.13,N/a,N/a,N/a,N/a,36.8,36.8,0.11,20.0,192,72.7,3194,83.8,76.0,44.8,13,13,17,5,31,23,2.64,8,0.92,14,4,15,12,9,0,9,5,375,4,43,165,180,28,20,25.0,55.0,230,1731,904,21,5,33,14,255,60,14,15,3,17,34,3,11,21.4
Hamza Choudhury,bd BAN,Leicester City,"MF,DF",27-215,4,1,131.0,0,0,0,0,0.0,0.4,4,3,6,0.00,0.00,0.00,0.27,N/a,N/a,N/a,N/a,N/a,N/a,N/a,N/a,72,85.7,991,94.0,79.3,50.0,10,10,1,1,3,3,2.05,0,0.00,1,1,3,2,4,2,2,5,100,4,19,61,20,3,4,75.0,25.0,63,246,130,2,2,1,0,71,6,1,0,0,5,2,0,0,N/a
Harrison Reed,eng ENG,Fulham,MF,30-097,12,0,109.0,0,0,2,0,0.2,0.1,1,4,7,0.00,0.00,0.21,0.07,N/a,N/a,N/a,N/a,66.7,66.7,0.00,21.7,39,70.9,550,87.5,76.5,40.0,1,1,1,0,4,1,0.89,0,0.00,6,3,3,2,1,0,1,1,78,2,11,28,40,5,2,0.0,50.0,31,95,27,1,0,2,2,38,7,6,2,0,6,10,1,2,33.3
Harry Amass,eng ENG,Manchester Utd,DF,18-049,3,2,166.0,0,0,0,0,0.0,0.0,5,4,12,0.00,0.00,0.01,0.01,N/a,N/a,N/a,N/a,0.0,0.0,0.00,29.6,77,82.8,906,91.4,76.0,25.0,3,3,0,0,4,5,2.71,0,0.00,4,1,3,2,3,0,3,1,121,7,39,37,46,2,3,66.7,33.3,61,307,178,4,1,6,4,64,12,2,3,1,4,10,5,1,83.3
Harry Clarke,eng ENG,Ipswich Town,DF,24-063,7,4,379.0,0,0,3,1,0.1,0.0,5,14,2,0.00,0.00,0.02,0.01,N/a,N/a,N/a,N/a,100.0,100.0,0.00,4.5,190,80.5,3442,91.6,87.5,57.5,21,21,1,0,14,1,0.24,0,0.00,5,3,6,3,5,4,1,4,268,18,100,122,47,2,2,50.0,50.0,118,555,222,7,0,4,2,163,2,5,1,0,5,17,10,4,71.4
Harry Toffolo,eng ENG,Nott'ham Forest,DF,29-258,4,1,137.0,0,0,1,0,0.0,0.0,0,2,4,0.00,0.00,0.01,0.00,N/a,N/a,N/a,N/a,0.0,0.0,0.00,28.5,47,70.1,653,93.8,62.5,14.3,1,1,0,0,2,0,0.00,0,0.00,5,3,4,1,2,2,0,2,88,9,32,22,34,2,0,N/a,N/a,17,57,23,0,0,0,0,30,4,1,0,0,4,2,1,0,100.0
Harvey Elliott,eng ENG,Liverpool,"MF,FW",22-030,14,0,199.0,0,1,1,0,0.7,0.9,7,26,23,0.00,0.45,0.33,0.39,N/a,N/a,N/a,N/a,18.2,18.2,0.00,16.7,156,81.3,2693,92.3,78.8,65.2,15,15,4,0,26,12,5.43,2,0.90,4,3,4,3,4,1,3,1,220,2,20,96,105,15,5,40.0,60.0,128,567,259,8,5,2,4,165,23,0,0,1,10,10,1,2,33.3
Hwang Hee-Chan,kr KOR,Wolves,"MF,FW",29-098,20,5,651.0,2,0,0,0,0.8,0.1,15,12,41,0.28,0.00,0.11,0.02,N/a,N/a,N/a,N/a,60.0,60.0,0.40,17.4,159,81.5,2061,87.0,85.1,80.0,7,7,4,2,12,9,1.24,1,0.14,6,4,6,4,9,0,9,2,262,9,41,99,124,24,14,14.3,85.7,151,928,426,5,7,14,10,174,41,6,8,0,8,27,3,9,25.0
Hákon Rafn Valdimarsson,is ISL,Brentford,GK,23-203,2,1,145.0,0,0,0,0,0.0,0.0,0,0,0,0.00,0.00,0.00,0.00,1.24,50.0,100.0,N/a,N/a,N/a,N/a,N/a,46,65.7,1445,100.0,100.0,41.5,2,2,0,0,0,2,1.24,0,0.00,0,0,0,0,0,0,0,0,72,60,71,1,0,0,0,N/a,N/a,44,191,80,0,0,0,0,36,0,0,0,0,0,1,1,0,100.0
Ian Maatsen,nl NED,Aston Villa,DF,23-055,26,8,957.0,1,2,2,0,0.8,2.7,27,41,91,0.09,0.19,0.07,0.25,N/a,N/a,N/a,N/a,29.4,29.4,0.06,22.4,531,81.9,8586,88.3,86.9,54.3,20,20,15,3,41,49,4.60,7,0.66,27,15,22,6,11,0,11,15,796,47,216,293,297,41,23,47.8,52.2,429,2216,1036,15,11,20,21,485,91,9,9,3,48,61,8,6,57.1
Ibrahim Sangaré,ci CIV,Nott'ham Forest,MF,27-153,9,3,295.0,0,1,2,0,0.0,0.4,0,14,2,0.00,0.31,0.01,0.12,N/a,N/a,N/a,N/a,100.0,100.0,0.00,32.0,131,80.4,1910,89.7,82.0,61.5,11,11,2,0,14,6,1.83,0,0.00,18,10,10,6,5,0,5,3,208,8,49,127,34,7,1,0.0,100.0,85,355,109,2,0,4,1,112,2,8,5,0,0,23,6,8,42.9
Igor,br BRA,Brighton,DF,27-086,12,9,903.0,0,0,4,0,0.0,0.2,9,44,0,0.00,0.00,0.00,0.02,N/a,N/a,N/a,N/a,0.0,0.0,0.00,14.1,628,92.1,11358,96.5,95.2,71.4,35,35,2,1,44,11,1.10,0,0.00,4,4,10,6,23,14,9,4,764,109,377,353,38,1,4,75.0,25.0,497,2837,1782,14,0,1,0,568,0,9,6,0,2,40,8,6,57.1
Jack Grealish,eng ENG,Manchester City,"FW,MF",29-236,19,7,720.0,1,1,3,0,1.1,1.8,69,52,118,0.12,0.12,0.14,0.23,N/a,N/a,N/a,N/a,33.3,33.3,0.07,16.3,381,87.6,5676,93.2,87.8,69.2,23,23,16,0,52,47,5.87,2,0.25,9,5,5,3,12,2,10,2,519,14,40,162,324,71,29,44.8,31.0,375,2879,1714,23,46,10,16,422,118,5,25,0,20,26,1,7,12.5
Jack Taylor,ie IRL,Ipswich Town,MF,26-315,29,3,766.0,1,0,3,0,0.7,0.5,11,41,21,0.12,0.00,0.08,0.06,N/a,N/a,N/a,N/a,23.5,23.5,0.06,23.0,306,82.3,5426,86.9,88.0,55.0,29,29,8,1,41,21,2.46,2,0.23,20,10,23,11,10,3,7,9,477,28,140,259,89,8,9,44.4,33.3,232,1414,755,10,1,10,6,303,21,16,4,0,6,48,7,7,50.0
Jaden Philogene Bidace,eng ENG,Aston Villa,"FW,MF",23-085,11,2,332.0,0,0,4,1,0.5,0.3,7,4,17,0.00,0.00,0.13,0.08,N/a,N/a,N/a,N/a,0.0,0.0,0.00,16.0,63,73.3,850,81.6,85.7,66.7,1,1,3,0,4,5,1.36,0,0.00,11,5,6,2,5,0,5,3,145,4,27,54,66,14,15,26.7,53.3,75,520,239,5,7,7,3,83,17,12,8,1,4,21,0,5,0.0
Jaden Philogene Bidace,eng ENG,Ipswich Town,"FW,DF",23-085,10,5,474.0,2,0,1,0,2.0,0.2,13,10,36,0.38,0.00,0.37,0.05,N/a,N/a,N/a,N/a,0.0,0.0,0.00,16.0,63,73.3,850,81.6,85.7,66.7,1,1,3,0,4,5,1.36,0,0.00,11,5,6,2,5,0,5,3,145,4,27,54,66,14,15,26.7,53.3,75,520,239,5,7,7,3,83,17,12,8,1,4,21,0,5,0.0
Jahmai Simpson-Pusey,eng ENG,Manchester City,DF,19-181,2,1,96.0,0,0,1,0,0.0,0.0,1,3,0,0.00,0.00,0.00,0.00,N/a,N/a,N/a,N/a,N/a,N/a,N/a,N/a,107,93.0,1754,95.9,96.6,42.9,3,3,0,0,3,0,0.00,0,0.00,1,0,1,1,1,1,0,0,123,9,61,59,3,1,1,0.0,0.0,79,376,190,0,0,1,0,101,0,0,1,0,0,3,1,3,25.0
Jakub Kiwior,pl POL,Arsenal,DF,25-078,14,7,852.0,1,0,0,0,0.2,0.3,6,36,0,0.11,0.00,0.02,0.03,N/a,N/a,N/a,N/a,33.3,33.3,0.33,18.5,533,91.0,9289,94.6,95.1,54.5,47,47,3,0,36,7,0.74,0,0.00,13,7,11,3,8,5,3,3,658,66,214,391,53,4,4,75.0,25.0,377,1522,861,5,1,3,1,501,0,8,3,1,1,19,8,7,53.3
Jakub Stolarczyk,pl POL,Leicester City,GK,24-136,7,7,630.0,0,0,1,0,0.0,0.0,0,1,0,0.00,0.00,0.00,0.00,1.71,61.3,14.3,N/a,N/a,N/a,N/a,N/a,177,68.3,4773,100.0,98.4,43.0,2,2,0,0,1,0,0.00,0,0.00,2,1,2,1,0,0,0,0,277,208,272,6,0,0,0,N/a,N/a,156,691,430,0,0,1,0,158,0,0,0,0,0,8,4,0,100.0
James Bree,eng ENG,Southampton,DF,27-205,15,11,895.0,0,1,0,0,0.1,0.9,10,31,34,0.00,0.10,0.01,0.09,N/a,N/a,N/a,N/a,25.0,25.0,0.00,22.7,440,83.8,7028,90.9,88.4,51.1,26,26,6,5,31,15,1.51,1,0.10,15,10,17,10,8,3,5,8,602,42,194,263,150,10,8,50.0,25.0,319,1407,713,11,0,6,4,389,34,2,4,0,24,56,12,5,70.6
James Hill,eng ENG,Bournemouth,DF,23-114,10,6,448.0,0,1,1,0,0.3,0.3,3,16,8,0.00,0.20,0.06,0.05,N/a,N/a,N/a,N/a,0.0,0.0,0.00,13.9,159,64.9,3098,76.1,77.3,36.2,20,20,6,0,16,8,1.61,1,0.20,15,8,11,8,5,0,5,9,319,19,99,167,54,8,2,50.0,50.0,146,552,295,6,0,2,0,179,8,7,5,0,10,13,14,12,53.8
James Mcatee,eng ENG,Manchester City,"MF,FW",22-198,14,2,304.0,3,0,1,0,2.8,0.3,7,6,26,0.89,0.00,0.83,0.10,N/a,N/a,N/a,N/a,33.3,33.3,0.25,14.3,86,78.9,1301,85.5,88.1,33.3,7,7,2,0,6,3,0.89,1,0.30,4,2,7,6,8,0,8,2,151,2,17,60,75,20,7,28.6,71.4,83,421,189,5,1,5,1,108,26,5,3,0,5,8,2,3,40.0
James Milner,eng ENG,Brighton,MF,39-120,3,3,169.0,0,0,1,0,0.2,0.2,1,10,10,0.00,0.00,0.09,0.12,N/a,N/a,N/a,N/a,0.0,0.0,0.00,16.0,55,75.3,899,92.9,76.7,40.0,3,3,1,1,10,8,4.26,0,0.00,5,2,3,0,4,2,2,2,92,3,13,48,31,4,1,100.0,0.0,46,223,97,1,0,0,0,58,10,3,1,0,8,2,0,1,0.0
James Ward-Prowse,eng ENG,West Ham,MF,30-184,11,9,802.0,0,1,2,0,0.5,1.1,9,45,4,0.00,0.11,0.06,0.12,N/a,N/a,N/a,N/a,28.6,28.6,0.00,20.7,523,87.6,8754,95.8,91.6,56.4,60,60,4,1,45,23,2.58,1,0.11,13,9,12,9,6,3,3,5,656,28,142,395,119,5,5,40.0,60.0,318,1531,669,13,0,3,6,455,4,9,2,0,37,43,5,4,55.6
James Ward-Prowse,eng ENG,Nott'ham Forest,MF,30-184,9,5,400.0,0,1,2,1,0.1,1.1,1,16,3,0.00,0.23,0.01,0.25,N/a,N/a,N/a,N/a,28.6,28.6,0.00,20.7,523,87.6,8754,95.8,91.6,56.4,60,60,4,1,45,23,2.58,1,0.11,13,9,12,9,6,3,3,5,656,28,142,395,119,5,5,40.0,60.0,318,1531,669,13,0,3,6,455,4,9,2,0,37,43,5,4,55.6
Jarell Quansah,eng ENG,Liverpool,DF,22-095,11,2,315.0,0,0,1,0,0.1,0.1,2,12,4,0.00,0.00,0.03,0.02,N/a,N/a,N/a,N/a,0.0,0.0,0.00,8.9,206,90.4,3720,97.4,91.3,65.0,18,18,1,0,12,2,0.57,0,0.00,10,7,7,2,5,5,0,5,272,36,134,113,25,5,2,50.0,50.0,165,922,483,3,1,4,2,190,4,7,1,0,2,9,5,8,38.5
Jason Steele,eng ENG,Brighton,GK,34-259,2,2,180.0,0,0,0,0,0.0,0.0,0,0,0,0.00,0.00,0.00,0.00,0.50,75.0,50.0,N/a,N/a,N/a,N/a,N/a,101,90.2,2321,100.0,96.9,65.4,0,0,0,0,0,0,0.00,0,0.00,0,0,0,0,0,0,0,0,114,107,114,0,0,0,0,N/a,N/a,91,361,151,0,0,0,0,83,0,0,1,0,0,7,1,1,50.0
Jeffrey Schlupp,gh GHA,Crystal Palace,"MF,DF",32-132,12,0,103.0,0,0,0,0,0.2,0.2,4,5,9,0.00,0.00,0.14,0.14,N/a,N/a,N/a,N/a,50.0,50.0,0.00,17.7,39,78.0,591,84.2,78.3,50.0,4,4,2,0,5,7,6.06,0,0.00,2,0,3,3,6,0,6,0,79,2,9,31,41,6,1,100.0,0.0,30,150,67,1,1,7,0,41,9,1,0,0,4,6,3,4,42.9
Joachim Andersen,dk DEN,Crystal Palace,DF,28-338,1,1,90.0,0,0,1,0,0.0,0.0,1,4,1,0.00,0.00,0.04,0.00,N/a,N/a,N/a,N/a,100.0,100.0,0.00,25.2,61,73.5,1227,90.5,83.8,42.9,9,9,1,0,4,1,1.00,0,0.00,1,1,2,1,0,0,0,0,93,14,38,50,5,0,0,N/a,N/a,49,189,103,1,0,0,1,67,1,2,0,0,1,7,2,0,100.0
Joe Gomez,eng ENG,Liverpool,DF,27-346,9,6,519.0,0,0,1,0,0.3,0.1,5,35,2,0.00,0.00,0.06,0.02,N/a,N/a,N/a,N/a,66.7,66.7,0.00,11.9,377,88.7,6689,91.2,93.6,61.9,29,29,0,0,35,5,0.87,1,0.17,13,10,16,5,9,6,3,7,481,54,183,264,37,5,0,N/a,N/a,303,1638,947,2,1,1,2,335,2,2,3,0,2,34,9,4,69.2
Joe Lumley,eng ENG,Southampton,GK,30-078,3,3,270.0,0,0,0,0,0.0,0.0,0,0,0,0.00,0.00,0.00,0.00,2.33,65.0,0.0,N/a,N/a,N/a,N/a,N/a,106,70.2,2342,95.5,91.3,35.6,2,2,0,0,0,0,0.00,0,0.00,0,0,0,0,0,0,0,0,164,116,161,3,0,0,0,N/a,N/a,103,476,296,0,0,0,0,108,0,0,0,0,0,2,2,1,66.7
Joe Willock,eng ENG,Newcastle Utd,"MF,FW",25-257,29,10,953.0,0,2,2,0,1.5,1.9,34,35,76,0.00,0.19,0.14,0.18,N/a,N/a,N/a,N/a,18.8,18.8,0.00,15.7,262,81.9,3708,88.6,86.0,42.1,23,23,8,0,35,41,3.88,4,0.38,25,14,28,10,22,5,17,5,472,12,70,198,212,47,32,34.4,46.9,282,1915,892,23,12,33,22,327,76,20,12,3,16,35,5,13,27.8
John Stones,eng ENG,Manchester City,"DF,MF",30-341,11,6,548.0,2,0,1,0,0.4,0.1,10,21,2,0.33,0.00,0.07,0.01,N/a,N/a,N/a,N/a,100.0,100.0,1.00,5.1,367,91.1,6382,94.4,92.5,77.5,42,42,0,0,21,8,1.31,2,0.33,6,2,5,0,5,3,2,4,442,40,142,234,68,4,2,100.0,0.0,292,2146,1183,14,0,2,0,333,2,2,2,0,0,22,8,6,57.1
Jonny Evans,nir NIR,Manchester Utd,DF,37-121,6,3,290.0,0,0,1,0,0.1,0.0,1,8,2,0.00,0.00,0.03,0.00,N/a,N/a,N/a,N/a,0.0,0.0,0.00,8.4,174,88.8,2809,94.3,90.0,50.0,9,9,1,0,8,2,0.62,0,0.00,7,5,4,2,2,1,1,4,223,30,125,91,11,2,1,100.0,0.0,128,498,183,0,0,1,0,137,2,5,6,0,0,15,8,3,72.7
Jorge Cuenca,es ESP,Fulham,DF,25-168,6,3,259.0,0,0,0,0,0.0,0.0,0,9,0,0.00,0.00,0.01,0.00,N/a,N/a,N/a,N/a,0.0,0.0,0.00,13.1,102,83.6,1768,89.5,88.2,42.9,7,7,0,0,9,1,0.35,0,0.00,2,2,5,3,3,3,0,2,152,23,88,59,6,1,2,100.0,0.0,65,235,116,1,0,1,0,92,0,2,2,0,1,9,6,3,66.7
Jorginho,it ITA,Arsenal,MF,33-135,14,9,703.0,0,0,5,0,0.1,0.4,12,48,6,0.00,0.00,0.01,0.05,N/a,N/a,N/a,N/a,0.0,0.0,0.00,23.2,410,86.7,6450,91.5,88.4,58.3,44,44,10,0,48,12,1.55,0,0.00,12,4,20,12,3,0,3,7,519,9,92,303,130,3,4,25.0,50.0,302,1498,874,13,0,10,9,388,6,15,17,0,1,54,1,6,14.3
Joshua Acheampong,eng ENG,Chelsea,DF,18-364,4,2,170.0,0,0,1,0,0.2,0.0,0,8,0,0.00,0.00,0.12,0.00,N/a,N/a,N/a,N/a,0.0,0.0,0.00,8.9,104,83.9,2025,90.6,92.6,55.0,6,6,0,0,8,2,1.06,0,0.00,2,1,2,0,1,0,1,1,137,7,48,81,8,3,2,50.0,0.0,106,709,409,2,0,2,0,111,0,0,1,0,0,7,1,6,14.3
Jota Silva,pt POR,Nott'ham Forest,"FW,MF",25-276,28,5,844.0,3,1,5,0,2.0,2.9,20,18,58,0.32,0.11,0.22,0.31,N/a,N/a,N/a,N/a,31.8,31.8,0.14,14.5,115,60.5,1635,77.4,60.3,35.3,4,4,9,3,18,29,3.09,3,0.32,25,13,25,20,9,1,8,12,347,19,82,98,178,45,33,30.3,42.4,172,1129,610,12,8,24,12,198,58,24,23,8,21,42,21,27,43.8
João Félix,pt POR,Chelsea,"FW,MF",25-175,12,3,369.0,1,1,2,0,2.2,1.0,21,26,30,0.24,0.24,0.54,0.23,N/a,N/a,N/a,N/a,25.0,25.0,0.05,15.9,171,85.9,2588,90.5,91.2,66.7,22,22,8,0,26,18,4.38,3,0.73,8,3,9,4,2,0,2,3,272,2,26,128,125,30,31,32.3,45.2,193,1248,712,13,5,6,4,218,30,6,17,1,0,22,4,5,44.4
Julian Araujo,mx MEX,Bournemouth,DF,23-264,10,6,426.0,0,0,1,0,0.0,0.0,3,14,19,0.00,0.00,0.00,0.00,N/a,N/a,N/a,N/a,N/a,N/a,N/a,N/a,158,79.0,2687,89.2,86.0,36.0,18,18,1,0,14,4,0.85,0,0.00,8,3,10,6,3,0,3,6,242,19,80,120,47,2,0,N/a,N/a,108,406,205,1,0,5,2,128,19,5,1,0,6,28,2,7,22.2
Julio Enciso,py PAR,Ipswich Town,"FW,MF",21-101,11,10,709.0,2,3,3,0,1.5,1.2,16,22,33,0.25,0.38,0.19,0.16,N/a,N/a,N/a,N/a,38.5,38.5,0.08,22.7,148,70.8,2405,78.0,75.3,50.0,13,13,7,1,22,23,2.92,4,0.51,11,8,9,5,3,0,3,1,330,4,46,168,128,16,49,46.9,42.9,164,1135,595,18,6,17,27,212,33,8,16,0,15,39,7,16,30.4
Julio Enciso,py PAR,Brighton,"MF,FW",21-101,12,2,294.0,0,0,0,0,1.0,0.2,11,14,17,0.00,0.00,0.31,0.07,N/a,N/a,N/a,N/a,38.5,38.5,0.08,22.7,148,70.8,2405,78.0,75.3,50.0,13,13,7,1,22,23,2.92,4,0.51,11,8,9,5,3,0,3,1,330,4,46,168,128,16,49,46.9,42.9,164,1135,595,18,6,17,27,212,33,8,16,0,15,39,7,16,30.4
Justin Devenny,nir NIR,Crystal Palace,MF,21-205,20,4,429.0,1,0,1,0,0.7,0.4,4,16,12,0.21,0.00,0.14,0.09,N/a,N/a,N/a,N/a,50.0,50.0,0.13,21.2,120,70.6,1883,80.5,69.0,38.1,15,15,4,1,16,11,2.30,0,0.00,14,9,14,7,3,0,3,0,232,7,42,115,80,7,4,50.0,50.0,109,591,274,5,1,16,2,140,12,7,0,1,17,21,2,13,13.3
Jáder Durán,co COL,Aston Villa,FW,21-142,20,4,638.0,7,0,3,1,4.9,0.2,7,13,44,0.99,0.00,0.69,0.03,N/a,N/a,N/a,N/a,48.4,48.4,0.23,15.6,115,70.6,1558,81.0,68.0,45.5,10,10,1,0,13,18,2.54,1,0.14,8,7,4,3,5,0,5,0,263,13,36,110,122,47,14,21.4,64.3,133,535,267,7,2,16,15,192,44,14,15,5,3,19,19,19,50.0
Kasey Mcateer,ie IRL,Leicester City,"FW,MF",23-163,15,6,612.0,0,1,2,0,0.7,0.6,16,11,53,0.00,0.15,0.10,0.09,N/a,N/a,N/a,N/a,44.4,44.4,0.00,16.5,143,71.5,1995,84.7,72.7,50.0,8,8,6,2,11,18,2.65,2,0.29,14,11,21,12,13,1,12,3,288,17,54,112,128,21,16,12.5,62.5,174,1155,480,9,8,14,10,193,53,15,14,2,16,34,10,16,38.5
Kevin Danso,at AUT,Tottenham,DF,26-227,6,5,482.0,0,0,0,0,0.4,0.1,10,17,1,0.00,0.00,0.07,0.01,N/a,N/a,N/a,N/a,33.3,33.3,0.00,17.5,342,88.4,6292,90.4,93.2,54.1,22,22,2,1,17,7,1.31,2,0.37,5,4,6,2,6,6,0,2,453,55,241,190,24,7,2,50.0,50.0,320,1661,903,4,0,7,1,334,1,6,7,0,1,21,12,8,60.0
Kieran Tierney,sct SCO,Arsenal,"DF,FW",27-333,10,1,181.0,0,0,0,0,0.2,0.9,5,12,22,0.00,0.00,0.10,0.43,N/a,N/a,N/a,N/a,0.0,0.0,0.00,2.6,96,82.1,1508,94.5,78.3,54.5,7,7,5,2,12,8,3.98,0,0.00,5,4,5,2,0,0,0,2,133,4,20,46,67,4,3,33.3,33.3,58,231,125,3,1,1,0,90,22,0,2,2,10,3,3,5,37.5
Kiernan Dewsbury-Hall,eng ENG,Chelsea,"MF,FW",26-240,12,2,259.0,0,1,0,0,0.2,1.1,5,14,11,0.00,0.35,0.08,0.37,N/a,N/a,N/a,N/a,0.0,0.0,0.00,7.8,127,83.6,1898,91.5,83.9,50.0,12,12,3,0,14,5,1.73,1,0.35,8,5,6,2,2,0,2,1,181,4,28,95,58,6,4,50.0,50.0,93,474,221,1,0,1,3,137,11,4,6,0,2,9,0,1,0.0
Kosta Nedeljković,rs SRB,Aston Villa,DF,19-139,5,0,126.0,0,0,0,0,0.0,0.0,1,6,0,0.00,0.00,0.00,0.00,N/a,N/a,N/a,N/a,N/a,N/a,N/a,N/a,47,88.7,853,95.7,84.0,80.0,5,5,0,0,6,0,0.00,0,0.00,7,5,3,1,1,0,1,0,66,4,15,32,19,0,2,50.0,50.0,27,101,33,0,0,1,0,32,0,0,1,0,1,4,0,1,0.0
Kostas Tsimikas,gr GRE,Liverpool,DF,28-357,16,7,666.0,0,1,2,0,0.4,1.8,15,67,38,0.00,0.14,0.05,0.25,N/a,N/a,N/a,N/a,50.0,50.0,0.00,16.1,447,83.7,7676,94.3,88.3,51.2,39,39,9,3,67,23,3.10,2,0.27,27,17,19,6,5,2,3,10,607,24,136,280,195,11,8,50.0,25.0,298,1262,671,5,2,4,4,382,38,9,6,1,53,26,5,6,45.5
Kyle Walker,eng ENG,Manchester City,DF,34-341,15,9,970.0,0,0,3,0,0.1,0.4,12,64,11,0.00,0.00,0.01,0.04,N/a,N/a,N/a,N/a,40.0,40.0,0.00,27.7,724,87.7,11928,94.6,91.3,51.2,63,63,7,4,64,17,1.58,0,0.00,17,10,26,12,13,4,9,3,892,26,197,473,228,5,6,50.0,33.3,499,2284,1106,13,0,9,2,630,11,6,5,1,14,46,9,7,56.3
Lamare Bogarde,nl NED,Aston Villa,"DF,MF",21-119,8,5,476.0,0,0,2,0,0.0,0.1,12,14,9,0.00,0.00,0.01,0.02,N/a,N/a,N/a,N/a,100.0,100.0,0.00,20.2,240,88.2,3682,92.8,92.2,33.3,24,24,1,0,14,10,1.89,1,0.19,14,6,16,6,5,3,2,1,325,16,95,191,40,4,4,50.0,25.0,173,1031,599,6,1,6,8,212,9,8,11,0,0,13,6,6,50.0
Lewis Miley,eng ENG,Newcastle Utd,MF,19-003,12,1,249.0,1,0,0,0,0.5,0.0,2,14,7,0.36,0.00,0.20,0.01,N/a,N/a,N/a,N/a,66.7,66.7,0.33,14.6,142,87.7,2084,88.9,96.1,87.5,10,10,4,0,14,3,1.08,0,0.00,11,9,11,5,5,1,4,2,198,5,37,105,57,5,3,33.3,33.3,96,497,186,1,0,5,1,141,7,3,1,0,0,16,5,5,50.0
Lloyd Kelly,eng ENG,Newcastle Utd,DF,26-210,10,4,303.0,0,1,2,0,0.4,0.5,0,9,5,0.00,0.30,0.12,0.14,N/a,N/a,N/a,N/a,0.0,0.0,0.00,7.3,146,80.7,2636,87.7,89.7,41.7,6,6,1,1,9,2,0.59,1,0.30,5,4,1,0,6,4,2,1,215,26,105,94,19,4,3,66.7,33.3,120,474,202,2,0,3,2,129,5,5,5,1,1,19,6,2,75.0
Luis Guilherme,br BRA,West Ham,"MF,FW",19-084,11,1,138.0,0,0,0,0,0.3,0.1,3,3,13,0.00,0.00,0.19,0.05,N/a,N/a,N/a,N/a,33.3,33.3,0.00,14.9,47,83.9,727,96.8,86.7,57.1,3,3,3,2,3,10,6.52,0,0.00,1,0,3,3,7,0,7,3,85,3,19,30,37,4,9,55.6,22.2,42,324,136,3,1,4,3,55,13,0,4,0,8,7,2,1,66.7
Luis Sinisterra,co COL,Bournemouth,"FW,MF",25-321,12,1,236.0,1,1,0,0,1.2,1.4,19,6,38,0.38,0.38,0.46,0.54,N/a,N/a,N/a,N/a,46.2,46.2,0.08,14.8,73,78.5,1067,91.7,68.8,100.0,6,6,2,2,6,14,5.29,1,0.38,7,2,4,4,3,0,3,1,155,7,18,41,96,23,20,40.0,50.0,95,744,393,6,10,6,3,102,38,4,2,1,7,17,3,7,30.0
Luke Shaw,eng ENG,Manchester Utd,DF,29-296,4,1,173.0,0,0,1,0,0.0,0.7,6,18,7,0.00,0.00,0.02,0.37,N/a,N/a,N/a,N/a,0.0,0.0,0.00,23.1,159,84.1,2589,93.5,85.5,60.0,12,12,3,1,18,9,4.68,0,0.00,3,2,1,0,2,1,1,2,204,8,73,94,37,4,1,0.0,100.0,151,744,386,6,0,1,0,161,7,2,0,0,9,9,3,0,100.0
Luke Thomas,eng ENG,Leicester City,DF,23-328,11,10,873.0,0,0,1,0,0.3,0.3,3,30,13,0.00,0.00,0.04,0.03,N/a,N/a,N/a,N/a,0.0,0.0,0.00,16.8,417,79.4,6749,91.9,82.7,43.3,27,27,3,1,30,12,1.24,1,0.10,25,20,32,14,14,6,8,17,644,40,237,313,98,7,5,40.0,60.0,312,1189,484,6,1,10,2,362,13,6,6,0,23,36,10,11,47.6
Marco Asensio,es ESP,Aston Villa,"MF,FW",29-103,10,6,540.0,3,1,1,0,4.2,0.8,16,34,26,0.50,0.17,0.70,0.14,N/a,N/a,N/a,N/a,47.1,47.1,0.18,18.9,185,80.4,2637,90.7,84.4,29.4,15,15,8,2,34,27,4.50,3,0.50,7,5,9,6,2,0,2,1,287,4,26,119,147,24,13,53.8,38.5,178,1020,500,18,4,7,8,201,26,8,7,2,23,22,0,1,0.0
Marcus Rashford,eng ENG,Manchester Utd,"FW,MF",27-185,15,12,978.0,4,1,2,0,1.7,2.1,20,21,79,0.37,0.09,0.16,0.19,N/a,N/a,N/a,N/a,56.3,56.3,0.25,16.4,253,73.8,3508,83.6,65.9,50.0,13,13,16,8,21,29,2.67,1,0.09,7,4,9,6,8,0,8,4,440,3,35,189,222,34,39,23.1,66.7,293,1694,728,19,12,14,6,341,79,8,7,7,27,24,5,7,41.7
Marcus Rashford,eng ENG,Aston Villa,FW,27-185,10,4,444.0,2,2,0,0,3.1,2.3,22,13,42,0.41,0.41,0.62,0.46,N/a,N/a,N/a,N/a,56.3,56.3,0.25,16.4,253,73.8,3508,83.6,65.9,50.0,13,13,16,8,21,29,2.67,1,0.09,7,4,9,6,8,0,8,4,440,3,35,189,222,34,39,23.1,66.7,293,1694,728,19,12,14,6,341,79,8,7,7,27,24,5,7,41.7
Mark Travers,ie IRL,Bournemouth,GK,25-351,5,5,450.0,0,0,0,0,0.0,0.0,0,0,0,0.00,0.00,0.00,0.00,1.00,80.0,20.0,N/a,N/a,N/a,N/a,N/a,100,70.4,3469,100.0,96.2,51.8,3,3,0,0,0,0,0.00,0,0.00,0,0,0,0,0,0,0,0,162,144,159,3,0,0,0,N/a,N/a,85,426,188,0,0,0,0,68,0,0,1,0,0,3,1,0,100.0
Marshall Munetsi,zw ZIM,Wolves,"MF,FW",28-316,11,10,878.0,1,1,0,0,3.0,1.5,7,8,26,0.10,0.10,0.31,0.15,N/a,N/a,N/a,N/a,33.3,33.3,0.07,14.8,125,72.7,1520,79.6,75.0,33.3,4,4,2,1,8,16,1.64,1,0.10,21,10,20,8,12,1,11,6,302,17,50,161,94,24,10,20.0,70.0,119,461,159,3,3,28,12,150,26,15,10,3,6,31,24,18,57.1
Martin Dúbravka,sk SVK,Newcastle Utd,GK,36-109,10,10,900.0,0,0,0,0,0.0,0.0,0,0,0,0.00,0.00,0.00,0.00,1.20,70.7,50.0,N/a,N/a,N/a,N/a,N/a,265,79.6,5932,100.0,100.0,40.2,0,0,0,0,0,0,0.00,0,0.00,0,0,0,0,0,0,0,0,350,262,337,14,0,0,0,N/a,N/a,202,1043,643,0,0,0,0,175,0,0,1,0,0,18,4,0,100.0
Mason Mount,eng ENG,Manchester Utd,"MF,FW",26-114,13,4,374.0,0,0,3,0,1.5,0.2,9,18,20,0.00,0.00,0.35,0.05,N/a,N/a,N/a,N/a,30.0,30.0,0.00,15.8,123,79.9,1727,85.7,79.5,60.0,9,9,3,1,18,14,3.37,0,0.00,8,2,8,2,7,1,6,2,200,3,27,95,81,18,4,0.0,75.0,130,637,278,9,2,9,9,151,20,13,7,0,9,11,3,6,33.3
Massimo Luongo,au AUS,Ipswich Town,MF,32-221,9,2,196.0,0,0,0,0,0.0,0.0,0,5,1,0.00,0.00,0.00,0.00,N/a,N/a,N/a,N/a,N/a,N/a,N/a,N/a,43,75.4,613,90.0,68.8,42.9,1,1,0,0,5,0,0.00,0,0.00,8,5,7,3,4,2,2,2,77,9,33,25,19,1,0,N/a,N/a,40,148,25,0,0,2,3,44,1,1,2,0,1,10,1,0,100.0
Mathias Jensen,dk DEN,Brentford,MF,29-123,20,8,793.0,0,2,2,0,0.2,1.6,6,55,26,0.00,0.23,0.03,0.18,N/a,N/a,N/a,N/a,16.7,16.7,0.00,23.1,332,75.1,6157,87.4,78.6,55.7,39,39,17,2,55,37,4.19,4,0.45,13,9,15,8,13,4,9,8,518,24,117,220,184,9,15,60.0,26.7,276,1181,541,8,0,8,6,318,26,7,10,0,31,45,8,5,61.5
Mathys Tel,fr FRA,Tottenham,FW,20-007,9,7,559.0,2,0,0,0,2.2,0.9,16,13,50,0.32,0.00,0.35,0.15,N/a,N/a,N/a,N/a,33.3,33.3,0.06,15.7,132,73.3,2396,84.7,72.6,70.8,9,9,9,4,13,15,2.42,0,0.00,6,2,7,5,3,0,3,0,266,1,27,95,152,30,30,26.7,60.0,182,1070,551,16,7,16,9,192,50,6,7,0,25,27,1,2,33.3
Mats Wieffer,nl NED,Brighton,"MF,DF",25-169,21,6,692.0,1,2,4,0,0.7,1.3,12,49,17,0.13,0.26,0.10,0.17,N/a,N/a,N/a,N/a,50.0,50.0,0.13,12.9,452,86.4,7323,91.0,88.7,75.0,45,45,5,1,49,25,3.25,3,0.39,33,19,27,11,13,1,12,11,635,30,145,345,154,14,11,36.4,54.5,374,1776,761,14,1,11,8,412,17,17,6,1,7,54,23,18,56.1
Matt O'Riley,dk DEN,Brighton,MF,24-164,17,9,758.0,1,1,1,0,2.0,1.5,17,33,45,0.12,0.12,0.23,0.18,N/a,N/a,N/a,N/a,30.0,30.0,0.05,16.8,271,79.0,4302,90.8,80.4,51.9,26,26,7,0,33,35,4.16,4,0.48,15,9,12,8,6,3,3,12,437,16,66,194,179,36,12,58.3,33.3,232,969,471,11,6,14,3,259,45,11,11,1,42,23,4,7,36.4
Michael Kayode,it ITA,Brentford,DF,20-298,8,2,211.0,0,0,1,0,0.1,0.2,4,2,11,0.00,0.00,0.03,0.06,N/a,N/a,N/a,N/a,0.0,0.0,0.00,18.5,58,65.9,1060,73.3,68.9,45.5,3,3,1,1,2,6,2.56,1,0.43,11,7,5,0,0,0,0,2,112,13,47,36,31,7,3,66.7,33.3,44,266,149,2,2,3,0,41,11,5,1,0,7,15,1,1,50.0
Michael Keane,eng ENG,Everton,DF,32-113,11,9,852.0,2,0,5,0,0.4,0.1,1,12,3,0.21,0.00,0.05,0.01,N/a,N/a,N/a,N/a,37.5,37.5,0.25,14.8,258,81.6,5895,88.5,90.3,75.3,17,17,0,0,12,6,0.63,0,0.00,10,7,13,6,11,7,4,10,426,85,241,169,18,14,1,0.0,100.0,189,753,236,1,0,1,2,240,3,9,0,0,1,24,20,14,58.8
Michail Antonio,jm JAM,West Ham,FW,35-037,14,11,836.0,1,1,1,0,2.2,1.6,29,18,59,0.11,0.11,0.24,0.17,N/a,N/a,N/a,N/a,21.1,21.1,0.05,12.6,114,60.6,2183,72.2,59.7,71.0,11,11,6,2,18,22,2.37,4,0.43,2,2,3,1,6,0,6,0,296,3,26,124,151,36,27,33.3,48.1,173,1177,695,13,9,35,19,221,59,12,7,4,25,22,17,22,43.6
Micky Van De Ven,nl NED,Tottenham,DF,24-015,12,11,950.0,0,2,4,0,0.6,1.2,8,51,1,0.00,0.19,0.05,0.11,N/a,N/a,N/a,N/a,33.3,33.3,0.00,11.1,706,91.0,13313,91.7,96.5,62.5,50,50,1,0,51,11,1.04,2,0.19,10,6,14,6,9,6,3,10,862,101,442,393,36,9,8,50.0,50.0,599,2790,1388,10,1,5,4,629,1,10,8,0,0,61,19,18,51.4
Miguel Almirón,py PAR,Newcastle Utd,FW,31-083,9,1,157.0,0,0,0,0,0.5,0.3,3,6,18,0.00,0.00,0.30,0.15,N/a,N/a,N/a,N/a,33.3,33.3,0.00,14.2,54,81.8,707,92.9,81.3,33.3,3,3,1,0,6,8,4.59,0,0.00,3,2,3,1,2,0,2,0,81,1,10,35,36,9,2,50.0,50.0,54,284,93,3,2,0,2,59,18,1,3,2,0,4,0,2,0.0
Mikey Moore,eng ENG,Tottenham,"FW,MF",17-266,7,2,185.0,0,1,0,0,0.2,0.3,9,7,30,0.00,0.49,0.10,0.16,N/a,N/a,N/a,N/a,0.0,0.0,0.00,19.5,48,71.6,593,96.8,65.0,20.0,1,1,5,1,7,10,4.86,2,0.97,0,0,1,1,1,0,1,1,96,1,10,22,65,12,11,9.1,81.8,68,521,239,3,4,6,4,73,30,3,4,2,12,5,1,4,20.0
Morato,br BRA,Nott'ham Forest,DF,23-308,23,5,799.0,0,0,2,0,0.2,0.0,0,14,1,0.00,0.00,0.02,0.00,N/a,N/a,N/a,N/a,50.0,50.0,0.00,8.6,181,74.2,3048,83.7,83.5,35.7,11,11,0,0,14,3,0.34,0,0.00,21,13,20,7,11,4,7,10,382,82,237,128,19,2,1,100.0,0.0,124,610,273,2,0,6,3,158,1,10,2,0,0,31,5,13,27.8
Mykhailo Mudryk,ua UKR,Chelsea,FW,24-119,7,1,151.0,0,0,0,0,0.3,1.0,7,5,12,0.00,0.00,0.15,0.58,N/a,N/a,N/a,N/a,100.0,100.0,0.00,11.6,28,66.7,431,70.8,66.7,50.0,2,2,2,1,5,6,3.60,0,0.00,2,2,0,0,3,1,2,0,62,3,12,15,38,6,8,37.5,62.5,39,468,227,8,0,3,7,42,12,2,2,1,7,9,2,4,33.3
Nathan Aké,nl NED,Manchester City,DF,30-075,10,8,678.0,0,0,0,0,0.2,0.0,12,50,2,0.00,0.00,0.03,0.00,N/a,N/a,N/a,N/a,0.0,0.0,0.00,10.0,509,93.9,8321,98.0,97.1,58.8,42,42,1,0,50,8,1.06,0,0.00,9,7,6,2,7,2,5,3,596,51,205,331,61,5,1,100.0,0.0,403,2244,1501,12,1,4,3,449,2,2,0,0,1,24,13,10,56.5
Nathan Broadhead,wls WAL,Ipswich Town,"MF,FW",27-029,16,6,605.0,1,0,1,0,1.5,0.6,17,12,27,0.15,0.00,0.22,0.10,N/a,N/a,N/a,N/a,60.0,60.0,0.10,15.4,149,76.0,2132,87.5,79.7,25.0,10,10,4,0,12,19,2.83,2,0.30,7,3,9,6,6,1,5,4,276,7,38,139,109,19,32,50.0,43.8,152,1079,502,14,4,18,11,191,27,4,13,2,9,30,1,9,10.0
Nathan Patterson,sct SCO,Everton,DF,23-200,10,3,347.0,0,1,1,0,0.1,0.4,6,13,18,0.00,0.26,0.02,0.11,N/a,N/a,N/a,N/a,0.0,0.0,0.00,16.8,130,73.9,2272,90.3,69.3,50.0,9,9,5,3,13,11,2.85,1,0.26,11,6,14,7,2,0,2,2,215,11,52,90,75,5,12,75.0,16.7,95,420,216,5,2,4,2,117,18,6,1,0,14,12,1,7,12.5
Nathan Wood-Gordon,eng ENG,Southampton,DF,22-338,9,7,624.0,0,0,2,0,0.2,0.0,2,17,0,0.00,0.00,0.03,0.00,N/a,N/a,N/a,N/a,0.0,0.0,0.00,5.9,363,92.8,6144,94.4,96.4,69.6,11,11,0,0,17,3,0.43,0,0.00,10,7,8,3,8,5,3,4,457,54,219,212,27,2,5,60.0,20.0,253,1150,454,6,0,4,1,339,0,8,4,0,3,20,11,7,61.1
Nathaniel Clyne,eng ENG,Crystal Palace,"DF,MF",34-029,13,5,483.0,0,0,1,0,0.0,0.3,6,7,8,0.00,0.00,0.00,0.06,N/a,N/a,N/a,N/a,0.0,0.0,0.00,31.4,171,76.0,3113,80.9,88.4,46.7,16,16,2,1,7,3,0.56,0,0.00,12,8,11,5,4,2,2,3,273,18,111,125,37,3,1,0.0,100.0,158,651,314,2,3,5,2,178,8,2,2,0,7,10,1,7,12.5
Neto,br BRA,Bournemouth,GK,35-289,2,2,180.0,0,0,0,0,0.0,0.0,0,0,0,0.00,0.00,0.00,0.00,1.00,84.6,0.0,N/a,N/a,N/a,N/a,N/a,40,64.5,1183,100.0,100.0,36.4,2,2,0,0,0,0,0.00,0,0.00,0,0,0,0,0,0,0,0,70,60,70,0,0,0,0,N/a,N/a,35,148,99,0,0,0,0,28,0,0,2,0,0,3,0,0,N/a
Niclas Füllkrug,de GER,West Ham,FW,32-084,14,4,589.0,3,2,2,0,1.9,1.9,6,9,21,0.46,0.31,0.29,0.29,N/a,N/a,N/a,N/a,38.5,38.5,0.23,10.4,84,64.6,1125,73.6,57.5,50.0,8,8,4,0,9,18,2.75,2,0.31,2,2,3,1,1,0,1,0,184,14,17,92,76,32,4,25.0,75.0,73,294,154,3,2,12,5,130,21,14,4,7,1,10,26,36,41.9
Nico O’Reilly,eng ENG,Manchester City,DF,20-044,8,6,513.0,2,0,0,0,1.3,0.4,16,17,25,0.35,0.00,0.23,0.06,N/a,N/a,N/a,N/a,37.5,37.5,0.25,15.4,304,86.9,4026,92.5,81.3,50.0,28,28,1,1,17,12,2.11,2,0.35,9,4,8,4,5,1,4,4,416,14,70,221,130,18,15,60.0,40.0,246,1160,574,14,0,14,12,296,25,6,4,1,8,29,5,7,41.7
Nicolás González,es ESP,Manchester City,MF,23-121,9,8,648.0,0,0,3,0,0.3,0.1,5,46,10,0.00,0.00,0.04,0.01,N/a,N/a,N/a,N/a,0.0,0.0,0.00,19.3,520,92.9,7739,95.9,92.7,71.4,48,48,4,0,46,15,2.08,3,0.42,15,6,11,5,9,0,9,5,637,14,99,398,143,7,6,16.7,50.0,386,1606,615,9,1,7,10,484,10,11,4,0,0,31,16,11,59.3
Odsonne Édouard,fr FRA,Crystal Palace,"MF,FW",27-108,2,1,115.0,0,0,0,0,0.4,0.0,2,4,7,0.00,0.00,0.31,0.04,N/a,N/a,N/a,N/a,20.0,20.0,0.00,20.9,17,60.7,230,68.8,57.1,100.0,2,2,0,0,4,1,0.78,0,0.00,1,0,2,2,1,0,1,0,45,1,4,23,18,8,1,0.0,100.0,23,107,50,1,2,4,1,26,7,4,0,2,1,5,1,4,20.0
Oleksandr Zinchenko,ua UKR,Arsenal,"DF,MF",28-140,13,4,455.0,0,1,1,0,0.3,0.1,10,37,12,0.00,0.20,0.05,0.03,N/a,N/a,N/a,N/a,0.0,0.0,0.00,18.0,313,83.0,4980,92.1,86.6,43.8,26,26,7,1,37,16,3.16,2,0.40,4,1,7,5,5,0,5,4,409,13,75,205,130,18,4,75.0,0.0,233,1147,509,5,3,3,4,285,12,8,3,1,10,16,11,11,50.0
Oliver Scarles,eng ENG,West Ham,DF,19-143,14,6,594.0,0,0,1,0,0.1,0.0,11,21,39,0.00,0.00,0.02,0.00,N/a,N/a,N/a,N/a,0.0,0.0,0.00,20.2,260,78.1,3880,88.7,83.5,29.4,9,9,5,1,21,5,0.76,0,0.00,17,11,21,8,14,2,12,10,420,27,140,166,118,7,6,16.7,83.3,190,770,445,9,1,10,3,243,39,4,3,1,13,33,5,5,50.0
Oliver Skipp,eng ENG,Leicester City,MF,24-230,21,8,996.0,0,0,8,0,0.2,0.3,16,31,20,0.00,0.00,0.01,0.02,N/a,N/a,N/a,N/a,25.0,25.0,0.00,21.0,392,85.0,6003,88.0,93.9,60.6,30,30,4,0,31,14,1.27,0,0.00,19,4,16,7,17,4,13,10,557,24,120,351,90,7,11,54.5,45.5,319,1291,622,7,3,11,5,390,20,19,13,0,5,40,10,6,62.5
Omar Marmoush,eg EGY,Manchester City,"FW,MF",26-086,13,12,998.0,6,0,0,0,4.8,1.7,21,29,68,0.54,0.00,0.43,0.15,N/a,N/a,N/a,N/a,42.1,42.1,0.16,18.0,203,78.1,2782,83.6,79.7,50.0,8,8,24,4,29,33,2.98,1,0.09,11,6,15,8,15,1,14,5,416,3,29,121,271,56,39,41.0,46.2,262,1606,760,15,11,37,15,295,68,13,17,9,25,32,5,8,38.5
Pablo Sarabia,es ESP,Wolves,"MF,FW",32-358,21,6,716.0,3,2,3,0,2.9,1.6,12,51,52,0.38,0.25,0.36,0.20,N/a,N/a,N/a,N/a,47.1,47.1,0.18,18.9,260,70.1,4467,86.8,77.8,49.3,36,36,17,2,51,25,3.14,4,0.50,15,8,14,5,10,0,10,4,465,4,53,227,188,23,13,46.2,38.5,272,1225,615,14,0,16,12,321,52,14,15,5,40,29,4,12,25.0
Patrick Dorgu,dk DEN,Manchester Utd,DF,20-190,8,7,585.0,0,0,3,1,0.4,0.4,25,21,53,0.00,0.00,0.06,0.07,N/a,N/a,N/a,N/a,22.2,22.2,0.00,16.2,261,79.6,3523,88.6,73.3,37.5,15,15,6,2,21,13,2.00,1,0.15,23,17,17,5,8,0,8,4,410,13,117,135,160,23,9,33.3,33.3,231,1247,793,13,4,10,8,260,53,13,19,3,28,26,11,5,68.8
Patson Daka,zm ZAM,Leicester City,"FW,MF",26-207,21,5,653.0,1,0,0,0,1.3,0.1,10,8,34,0.14,0.00,0.17,0.01,N/a,N/a,N/a,N/a,26.7,26.7,0.07,14.8,101,71.6,1400,80.3,72.1,100.0,6,6,1,0,8,10,1.38,1,0.14,17,9,17,10,7,1,6,1,239,9,41,109,94,28,15,13.3,66.7,134,684,309,7,5,19,10,158,34,12,17,3,3,18,10,27,27.0
Philip Billing,dk DEN,Bournemouth,MF,28-327,10,1,184.0,0,0,1,0,0.6,1.1,3,15,13,0.00,0.00,0.28,0.54,N/a,N/a,N/a,N/a,20.0,20.0,0.00,17.9,70,68.6,1023,84.3,70.4,26.7,9,9,7,2,15,16,7.83,0,0.00,14,5,4,1,3,0,3,5,148,5,20,72,57,12,3,33.3,0.0,58,254,163,1,1,7,4,75,13,3,2,0,10,14,6,4,60.0
Raheem Sterling,eng ENG,Arsenal,"FW,MF",30-147,16,6,437.0,0,2,1,0,1.3,0.5,25,17,73,0.00,0.41,0.27,0.10,N/a,N/a,N/a,N/a,0.0,0.0,0.00,15.0,141,77.0,1785,86.9,74.5,66.7,4,4,9,2,17,18,3.71,3,0.62,8,4,8,4,3,0,3,1,247,2,8,52,190,37,24,37.5,37.5,177,1273,686,9,15,11,14,187,73,12,4,4,14,14,1,3,25.0
Ramón Sosa,py PAR,Nott'ham Forest,"FW,MF",25-246,18,1,270.0,1,0,1,0,1.0,0.5,12,5,15,0.33,0.00,0.33,0.16,N/a,N/a,N/a,N/a,45.5,45.5,0.09,18.6,63,67.7,976,68.9,67.6,71.4,2,2,5,3,5,14,4.63,0,0.00,5,3,4,3,7,0,7,3,142,5,33,43,72,15,11,72.7,27.3,70,584,329,7,5,6,5,76,15,6,8,3,8,21,4,7,36.4
Reece James,eng ENG,Chelsea,"DF,MF",25-147,15,10,835.0,1,0,1,0,0.3,0.5,6,51,9,0.11,0.00,0.03,0.06,N/a,N/a,N/a,N/a,37.5,37.5,0.13,23.2,572,84.5,10299,94.3,88.9,51.5,72,72,5,1,51,15,1.62,1,0.11,9,9,9,6,12,4,8,12,759,32,213,423,128,4,16,37.5,37.5,397,1573,728,4,0,6,5,480,9,6,10,0,38,53,21,6,77.8
Reiss Nelson,eng ENG,Fulham,FW,25-145,11,5,487.0,1,1,1,0,1.1,1.0,45,35,63,0.18,0.18,0.20,0.18,N/a,N/a,N/a,N/a,N/a,N/a,N/a,N/a,0,N/a,0,N/a,N/a,N/a,0,0,0,0,0,0,0.00,0,0.00,1,0,1,1,0,0,0,0,2,0,1,1,0,0,0,N/a,N/a,1,4,4,0,0,0,0,1,0,1,1,0,0,0,0,0,N/a
Renato Veiga,pt POR,Chelsea,"DF,MF",21-279,7,1,181.0,0,0,2,0,0.1,0.0,4,7,3,0.00,0.00,0.07,0.00,N/a,N/a,N/a,N/a,33.3,33.3,0.00,17.1,118,84.9,2171,88.2,90.2,61.9,6,6,1,0,7,1,0.49,0,0.00,9,6,12,8,3,1,2,1,167,2,61,82,27,3,5,60.0,40.0,85,417,144,5,1,1,0,110,3,6,1,1,0,9,3,3,50.0
Ricardo Pereira,pt POR,Leicester City,DF,31-210,8,4,342.0,0,0,1,0,0.1,0.0,3,14,5,0.00,0.00,0.02,0.00,N/a,N/a,N/a,N/a,50.0,50.0,0.00,17.0,178,82.4,2899,86.7,83.7,85.7,18,18,0,0,14,3,0.79,0,0.00,11,6,12,6,6,2,4,2,255,14,78,141,37,5,8,62.5,25.0,132,389,147,3,2,2,0,143,5,4,6,0,3,16,4,2,66.7
Riccardo Calafiori,it ITA,Arsenal,DF,22-350,17,11,925.0,2,1,4,0,0.9,0.3,21,54,29,0.19,0.10,0.08,0.03,N/a,N/a,N/a,N/a,60.0,60.0,0.20,14.1,449,85.4,6549,91.6,85.7,67.9,40,40,9,1,54,13,1.26,2,0.19,26,18,29,11,12,6,6,9,628,30,161,249,222,29,13,69.2,23.1,291,1572,839,12,3,11,5,377,29,16,6,3,11,30,22,13,62.9
Richarlison,br BRA,Tottenham,FW,27-359,12,3,408.0,4,1,2,0,3.6,0.9,8,10,19,0.88,0.22,0.78,0.20,N/a,N/a,N/a,N/a,46.7,46.7,0.27,8.4,56,65.1,869,76.3,58.6,75.0,7,7,4,2,10,8,1.76,1,0.22,4,3,1,1,1,1,0,0,144,8,19,68,58,26,13,7.7,84.6,72,350,142,8,3,7,7,101,19,6,9,1,7,8,8,17,32.0
Robin Olsen,se SWE,Aston Villa,GK,35-116,3,1,180.0,0,0,0,0,0.0,0.0,0,0,0,0.00,0.00,0.00,0.00,2.00,55.6,100.0,N/a,N/a,N/a,N/a,N/a,54,71.1,1466,100.0,100.0,37.1,2,2,0,0,0,2,1.00,1,0.50,1,0,1,0,0,0,0,0,83,73,82,1,0,0,0,N/a,N/a,44,226,109,0,0,0,0,41,0,0,0,0,0,2,0,0,N/a
Rodrigo Gomes,pt POR,Wolves,"DF,FW",21-301,22,6,672.0,2,0,0,0,0.6,0.9,22,25,65,0.27,0.00,0.08,0.12,N/a,N/a,N/a,N/a,50.0,50.0,0.33,17.3,171,67.1,2520,78.4,70.5,26.1,10,10,12,4,25,21,2.82,0,0.00,21,13,19,9,8,1,7,5,348,23,85,118,152,26,14,35.7,42.9,178,1237,750,17,7,17,7,203,65,3,5,0,19,24,6,15,28.6
Rodrigo Muniz,br BRA,Fulham,FW,24-000,31,8,964.0,8,1,1,0,5.8,0.7,6,27,31,0.75,0.09,0.54,0.07,N/a,N/a,N/a,N/a,48.7,48.7,0.21,12.0,92,64.8,1540,67.6,68.9,84.6,13,13,3,0,27,17,1.59,2,0.19,10,5,4,0,9,2,7,5,311,14,27,161,127,55,18,33.3,50.0,157,651,187,4,3,47,24,237,31,11,31,3,1,14,67,63,51.5
Roman Dixon,eng ENG,Everton,DF,20-129,1,1,90.0,0,0,0,0,0.0,0.0,0,0,1,0.00,0.00,0.00,0.00,N/a,N/a,N/a,N/a,N/a,N/a,N/a,N/a,11,57.9,205,75.0,50.0,33.3,3,3,0,0,0,0,0.00,0,0.00,5,5,4,0,1,0,1,1,36,8,19,14,4,0,3,0.0,100.0,16,107,48,0,0,2,0,13,1,0,0,0,0,6,0,3,0.0
Roméo Lavia,be BEL,Chelsea,MF,21-118,12,9,607.0,0,1,4,0,0.2,0.7,3,23,6,0.00,0.15,0.03,0.11,N/a,N/a,N/a,N/a,0.0,0.0,0.00,16.0,302,91.0,5086,90.4,94.6,80.0,39,39,3,0,23,13,1.93,2,0.30,19,11,16,8,6,0,6,13,387,13,91,242,58,1,13,61.5,38.5,230,1049,466,8,0,1,7,277,6,12,3,0,0,30,10,2,83.3
Ross Barkley,eng ENG,Aston Villa,MF,31-150,18,3,571.0,3,1,3,0,1.7,0.6,15,33,10,0.47,0.16,0.27,0.10,N/a,N/a,N/a,N/a,33.3,33.3,0.20,14.0,326,86.0,5081,88.5,91.4,68.4,29,29,6,0,33,18,2.84,3,0.47,13,3,14,5,9,3,6,10,445,16,70,264,117,18,11,72.7,27.3,263,1433,657,14,2,7,8,314,10,8,3,0,1,41,6,4,60.0
Ross Stewart,sct SCO,Southampton,FW,28-297,9,3,286.0,0,0,1,0,0.3,0.0,1,1,6,0.00,0.00,0.08,0.00,N/a,N/a,N/a,N/a,0.0,0.0,0.00,11.6,51,75.0,741,78.1,85.2,0.0,1,1,1,0,1,2,0.63,0,0.00,3,2,6,4,3,0,3,0,97,7,21,37,39,6,2,50.0,50.0,48,197,62,0,1,5,7,71,6,7,5,1,0,2,8,15,34.8
Ryan Fraser,sct SCO,Southampton,"FW,DF",31-069,8,4,306.0,0,0,0,1,0.0,0.1,10,8,18,0.00,0.00,0.01,0.03,N/a,N/a,N/a,N/a,100.0,100.0,0.00,31.6,77,74.8,1121,93.5,70.0,30.0,3,3,1,0,8,5,1.47,0,0.00,6,2,6,2,1,1,0,1,131,12,45,50,37,3,3,66.7,33.3,74,492,252,5,2,4,2,94,18,1,4,1,12,10,2,3,40.0
Ryan Sessegnon,eng ENG,Fulham,"FW,DF",24-351,13,6,470.0,4,2,1,0,1.6,1.0,14,14,50,0.77,0.38,0.30,0.19,N/a,N/a,N/a,N/a,53.8,53.8,0.31,12.6,124,76.5,1767,86.3,71.1,60.0,7,7,3,1,14,17,3.25,3,0.57,21,11,15,9,11,0,11,3,260,10,58,83,124,38,17,29.4,58.8,128,832,434,11,9,14,6,149,50,16,4,1,13,25,8,10,44.4
Sam Johnstone,eng ENG,Wolves,GK,32-040,7,7,630.0,0,0,0,0,0.0,0.0,0,0,0,0.00,0.00,0.00,0.00,2.43,61.5,0.0,0.0,N/a,N/a,N/a,N/a,184,66.2,5548,96.9,97.6,45.0,6,6,0,0,0,2,0.29,0,0.00,0,0,1,1,0,0,0,0,306,229,304,2,0,0,0,N/a,N/a,196,1221,756,0,0,0,0,179,0,0,0,0,0,9,4,0,100.0
Sammie Szmodics,ie IRL,Ipswich Town,"FW,MF",29-222,19,13,979.0,4,0,2,0,3.4,0.2,16,18,46,0.37,0.00,0.31,0.02,N/a,N/a,N/a,N/a,57.1,57.1,0.19,14.0,144,74.2,2402,87.0,84.4,51.7,10,10,4,1,18,9,0.83,0,0.00,15,9,23,17,10,2,8,6,309,17,80,119,116,33,12,33.3,50.0,174,989,399,8,7,24,17,189,46,9,8,8,13,41,6,11,35.3
Sean Longstaff,eng ENG,Newcastle Utd,MF,27-186,24,8,797.0,0,0,2,0,0.6,0.2,4,40,22,0.00,0.00,0.07,0.02,N/a,N/a,N/a,N/a,16.7,16.7,0.00,13.5,294,84.5,4403,87.0,92.5,68.2,26,26,1,0,40,14,1.58,2,0.23,27,16,27,9,17,5,12,7,433,23,122,193,121,21,7,28.6,57.1,248,1176,429,10,2,9,7,308,22,9,6,0,5,31,7,7,50.0
Sergio Reguilón,es ESP,Tottenham,DF,28-139,3,0,123.0,0,0,2,0,0.1,0.0,4,12,10,0.00,0.00,0.05,0.02,N/a,N/a,N/a,N/a,0.0,0.0,0.00,5.4,73,69.5,1144,75.0,76.6,33.3,11,11,2,1,12,1,0.73,0,0.00,4,3,3,1,4,0,4,2,121,2,28,61,33,3,4,50.0,0.0,64,293,180,2,1,1,1,74,10,2,5,0,10,9,5,2,71.4
Simon Adingra,ci CIV,Brighton,"FW,MF",23-123,25,9,888.0,2,1,0,0,2.2,1.8,35,14,114,0.20,0.10,0.22,0.18,N/a,N/a,N/a,N/a,28.0,28.0,0.08,16.2,232,74.8,3398,86.1,73.4,53.8,5,5,12,5,14,38,3.86,7,0.71,21,13,21,12,11,0,11,8,457,6,59,142,261,62,46,43.5,56.5,301,1999,968,17,19,33,10,316,114,10,2,2,34,38,5,3,62.5
Solly March,eng ENG,Brighton,"FW,MF",30-288,8,1,168.0,0,0,2,0,0.1,0.3,5,2,20,0.00,0.00,0.05,0.15,N/a,N/a,N/a,N/a,0.0,0.0,0.00,22.5,60,63.2,990,87.5,57.1,38.9,2,2,4,4,2,7,3.77,2,1.08,6,3,8,3,3,0,3,2,118,3,12,33,73,7,4,25.0,75.0,57,398,167,2,3,3,1,67,20,2,2,3,20,7,1,2,33.3
Sven Botman,nl NED,Newcastle Utd,DF,25-112,4,3,232.0,0,0,1,0,0.0,0.0,0,3,0,0.00,0.00,0.01,0.00,N/a,N/a,N/a,N/a,0.0,0.0,0.00,11.7,119,88.1,2026,85.1,98.1,70.0,9,9,0,0,3,0,0.00,0,0.00,6,4,3,1,2,1,1,4,165,24,67,93,6,5,3,33.3,33.3,85,357,178,1,0,1,1,107,0,4,2,0,0,8,11,6,64.7
Séamus Coleman,ie IRL,Everton,DF,36-205,3,2,197.0,0,0,1,0,0.6,0.0,1,8,2,0.00,0.00,0.26,0.00,N/a,N/a,N/a,N/a,100.0,100.0,0.00,10.5,57,72.2,1046,93.1,77.4,37.5,6,6,0,0,8,2,0.91,1,0.46,2,1,3,1,5,3,2,1,100,11,39,43,19,2,5,80.0,20.0,43,225,109,1,0,1,1,51,2,0,1,0,3,7,1,1,50.0
Taiwo Awoniyi,ng NGA,Nott'ham Forest,FW,27-265,25,3,408.0,1,0,0,0,2.1,0.1,6,7,20,0.22,0.00,0.47,0.02,N/a,N/a,N/a,N/a,40.0,40.0,0.10,12.6,61,64.2,705,72.4,56.0,20.0,5,5,2,0,7,9,1.98,1,0.22,6,3,5,1,1,0,1,0,166,5,16,78,73,21,9,44.4,55.6,89,390,183,5,2,19,19,112,20,8,10,1,2,18,13,38,25.5
Tariq Lamptey,gh GHA,Brighton,DF,24-216,13,9,765.0,2,2,0,0,0.4,0.8,25,12,40,0.24,0.24,0.05,0.09,N/a,N/a,N/a,N/a,33.3,33.3,0.33,18.5,314,82.4,4884,93.4,80.0,51.4,11,11,5,4,12,15,1.76,3,0.35,14,10,22,15,12,5,7,6,489,25,147,208,137,9,27,33.3,55.6,267,1867,893,13,2,9,4,276,40,12,10,0,24,35,1,12,7.7
Thiago,br BRA,Brentford,FW,23-312,4,1,132.0,0,0,0,0,0.1,0.1,3,2,4,0.00,0.00,0.07,0.05,N/a,N/a,N/a,N/a,0.0,0.0,0.00,14.7,28,71.8,428,70.0,75.0,75.0,1,1,1,0,2,2,1.36,0,0.00,2,2,1,1,0,0,0,2,56,6,11,23,23,2,3,66.7,33.3,34,119,42,2,1,5,1,35,4,3,3,1,1,9,4,3,57.1
Tim Iroegbunam,eng ENG,Everton,MF,21-308,17,5,567.0,0,1,4,0,0.2,0.2,8,14,9,0.00,0.16,0.04,0.03,N/a,N/a,N/a,N/a,0.0,0.0,0.00,22.5,110,71.9,1842,72.5,84.0,68.4,10,10,1,0,14,10,1.59,1,0.16,28,13,23,9,17,4,13,15,260,21,82,124,60,12,20,40.0,40.0,122,723,360,10,2,10,18,110,9,15,12,0,1,48,11,4,73.3
Timo Werner,de GER,Tottenham,"FW,MF",29-059,18,4,516.0,0,3,0,0,1.0,2.5,42,30,89,0.00,0.52,0.17,0.44,N/a,N/a,N/a,N/a,37.5,37.5,0.00,18.2,158,66.9,2383,82.5,70.9,38.9,3,3,15,2,30,18,3.13,3,0.52,6,4,13,10,10,1,9,1,298,8,24,78,203,33,19,52.6,42.1,215,1768,1062,24,18,14,6,227,89,3,5,5,28,18,0,1,0.0
Toby Collyer,eng ENG,Manchester Utd,MF,21-121,6,0,179.0,0,0,0,0,0.2,0.3,0,5,2,0.00,0.00,0.09,0.13,N/a,N/a,N/a,N/a,0.0,0.0,0.00,6.2,76,82.6,1127,86.0,86.5,75.0,3,3,1,0,5,5,2.50,0,0.00,12,9,6,1,2,1,1,2,129,9,46,59,25,3,2,50.0,50.0,68,239,56,0,0,11,1,71,2,2,4,0,0,17,3,1,75.0
Tom Cairney,sct SCO,Fulham,MF,34-104,22,2,494.0,1,0,3,1,0.2,1.0,14,47,29,0.18,0.00,0.04,0.17,N/a,N/a,N/a,N/a,40.0,40.0,0.20,23.3,482,90.4,7576,93.4,93.3,74.4,46,46,7,3,47,28,5.08,3,0.54,11,5,7,3,5,1,4,4,576,6,83,305,196,12,12,33.3,33.3,385,1848,884,15,4,5,4,468,29,8,17,0,17,44,4,8,33.3
Tommy Doyle,eng ENG,Wolves,MF,23-199,24,3,488.0,0,1,1,0,0.6,0.5,6,40,4,0.00,0.18,0.10,0.09,N/a,N/a,N/a,N/a,22.2,22.2,0.00,24.5,321,81.9,6591,94.1,89.0,65.6,44,44,3,0,40,17,3.13,3,0.55,11,6,15,9,11,5,6,5,463,22,128,258,80,4,9,55.6,11.1,260,1417,578,3,0,9,4,303,4,5,5,0,15,43,1,6,14.3
Trevoh Chalobah,eng ENG,Chelsea,DF,25-303,11,9,746.0,0,1,1,0,0.7,1.2,4,34,2,0.00,0.12,0.09,0.14,N/a,N/a,N/a,N/a,36.4,36.4,0.27,15.1,349,79.0,6831,88.7,85.2,51.2,27,27,2,1,34,11,0.93,0,0.00,20,16,23,11,19,9,10,19,594,66,275,276,51,14,10,60.0,20.0,278,1213,661,9,1,4,7,317,6,10,15,1,7,56,22,19,53.7
Tyler Fredricson,eng ENG,Manchester Utd,DF,20-070,1,1,90.0,0,0,0,0,0.0,0.0,2,4,0,0.00,0.00,0.00,0.00,N/a,N/a,N/a,N/a,N/a,N/a,N/a,N/a,64,92.8,1087,93.8,93.3,100.0,6,6,0,0,4,2,2.00,0,0.00,4,2,1,1,0,0,0,1,76,6,27,42,7,1,1,100.0,0.0,40,161,82,1,0,0,0,54,0,0,2,0,0,6,5,2,71.4
Tyrell Malacia,nl NED,Manchester Utd,DF,25-260,3,2,100.0,0,0,1,0,0.0,0.0,3,3,6,0.00,0.00,0.00,0.03,N/a,N/a,N/a,N/a,N/a,N/a,N/a,N/a,49,89.1,642,93.9,92.9,100.0,7,7,1,0,3,2,1.80,0,0.00,2,1,2,1,0,0,0,1,62,2,20,27,15,0,1,100.0,0.0,37,190,118,2,0,1,2,43,6,3,2,0,1,3,0,0,N/a
Tyrique George,eng ENG,Chelsea,FW,19-089,7,0,103.0,1,1,1,0,0.2,0.7,9,2,18,0.87,0.87,0.17,0.63,N/a,N/a,N/a,N/a,33.3,33.3,0.33,15.0,38,82.6,494,91.3,82.4,0.0,0,0,1,0,2,6,5.24,1,0.87,2,0,3,1,0,0,0,1,56,1,10,14,33,8,4,75.0,25.0,38,348,208,1,5,1,0,44,18,2,0,1,3,3,0,3,0.0
Victor Lindelöf,se SWE,Manchester Utd,DF,30-291,12,4,470.0,0,0,1,0,0.0,0.1,1,9,1,0.00,0.00,0.00,0.02,N/a,N/a,N/a,N/a,N/a,N/a,N/a,N/a,196,93.8,3139,92.2,97.2,75.0,6,6,2,1,9,4,0.77,0,0.00,5,1,3,1,4,2,2,7,264,40,156,101,7,3,0,N/a,N/a,137,605,255,0,0,1,0,171,1,7,1,0,1,11,10,13,43.5
Vladimír Coufal,cz CZE,West Ham,DF,32-255,18,9,865.0,0,0,4,0,0.2,0.6,15,32,25,0.00,0.00,0.02,0.06,N/a,N/a,N/a,N/a,25.0,25.0,0.00,16.7,363,77.7,5924,89.4,80.1,41.7,35,35,12,7,32,13,1.35,1,0.10,17,11,18,11,13,11,2,8,579,56,224,242,116,10,7,28.6,28.6,231,1245,632,5,2,10,6,314,25,20,14,0,20,28,18,12,60.0
Wataru Endo,jp JPN,Liverpool,MF,32-084,17,0,169.0,0,0,0,0,0.0,0.0,0,9,2,0.00,0.00,0.00,0.01,N/a,N/a,N/a,N/a,N/a,N/a,N/a,N/a,90,92.8,1447,91.8,97.2,100.0,9,9,1,0,9,3,1.58,0,0.00,8,6,8,3,5,0,5,3,130,5,31,77,23,2,1,100.0,0.0,52,180,47,0,1,6,2,81,2,14,6,0,0,7,2,3,40.0
Welington,br BRA,Southampton,"DF,MF",24-074,7,3,215.0,0,0,1,0,0.0,0.0,3,6,10,0.00,0.00,0.02,0.01,N/a,N/a,N/a,N/a,0.0,0.0,0.00,31.3,69,77.5,1098,82.9,78.0,75.0,5,5,5,4,6,6,2.51,1,0.42,13,5,12,5,3,1,2,3,131,11,46,48,40,2,4,75.0,0.0,47,200,116,3,1,6,0,55,10,3,5,0,10,10,0,2,0.0
Wes Burns,wls WAL,Ipswich Town,"FW,DF",30-162,18,12,926.0,0,1,1,0,0.5,1.6,38,8,65,0.00,0.10,0.05,0.16,N/a,N/a,N/a,N/a,14.3,14.3,0.00,18.3,153,60.5,2416,80.4,65.4,38.9,8,8,8,7,8,16,1.55,1,0.10,13,11,10,6,7,2,5,10,350,21,69,129,160,18,24,37.5,58.3,216,1458,696,13,10,17,13,220,65,4,11,0,46,50,8,21,27.6
William Osula,dk DEN,Newcastle Utd,FW,21-273,12,0,104.0,1,0,0,0,0.1,0.1,2,2,12,0.87,0.00,0.10,0.08,N/a,N/a,N/a,N/a,33.3,33.3,0.33,14.5,11,61.1,126,61.5,50.0,N/a,0,0,1,0,2,2,1.73,0,0.00,1,0,2,2,0,0,0,4,41,1,2,17,22,4,6,50.0,50.0,25,151,55,1,0,5,5,27,12,2,1,1,1,2,4,1,80.0
William Smallbone,ie IRL,Southampton,MF,25-072,15,6,646.0,1,0,1,0,0.4,0.6,5,25,23,0.14,0.00,0.06,0.09,N/a,N/a,N/a,N/a,16.7,16.7,0.17,19.3,257,77.6,4218,87.1,85.0,38.8,11,11,3,2,25,15,2.09,0,0.00,18,11,21,14,8,0,8,2,401,15,76,198,131,14,6,66.7,33.3,182,774,391,9,1,11,5,243,23,11,3,0,34,23,4,2,66.7
Willian,br BRA,Fulham,"FW,MF",36-268,9,2,241.0,0,0,0,0,0.3,0.5,9,38,31,0.00,0.00,0.10,0.17,N/a,N/a,N/a,N/a,0.0,0.0,0.00,22.1,163,85.8,2905,94.2,86.1,73.7,18,18,10,2,38,15,5.60,0,0.00,3,1,5,4,0,0,0,1,211,1,17,76,122,6,6,16.7,50.0,139,935,460,9,2,3,1,168,31,1,0,0,13,14,1,2,33.3
Willy Boly,ci CIV,Nott'ham Forest,DF,34-090,6,1,150.0,0,0,1,0,0.1,0.0,0,2,0,0.00,0.00,0.04,0.00,N/a,N/a,N/a,N/a,100.0,100.0,0.00,10.2,55,78.6,1010,90.9,93.8,26.7,3,3,0,0,2,0,0.00,0,0.00,6,1,4,0,4,2,2,3,97,22,63,32,2,1,0,N/a,N/a,35,128,45,0,0,1,0,46,0,1,0,0,0,5,6,2,75.0
Wilson Odobert,fr FRA,Tottenham,FW,20-157,12,6,539.0,0,0,0,0,0.7,0.9,38,19,54,0.00,0.00,0.12,0.15,N/a,N/a,N/a,N/a,20.0,20.0,0.00,17.3,166,77.9,2170,92.1,70.4,55.6,6,6,10,3,19,12,2.01,1,0.17,8,2,10,5,4,0,4,3,291,4,28,103,162,31,28,39.3,50.0,209,1651,981,20,17,15,13,219,54,0,3,0,20,27,3,4,42.9
Woyo Coulibaly,fr FRA,Leicester City,DF,25-349,4,1,109.0,0,0,1,0,0.0,0.0,4,3,2,0.00,0.00,0.04,0.00,N/a,N/a,N/a,N/a,50.0,50.0,0.00,19.4,48,84.2,797,82.4,84.2,100.0,3,3,0,0,3,0,0.00,0,0.00,6,4,2,0,3,1,2,5,76,8,27,31,20,4,1,0.0,100.0,48,288,169,2,1,4,0,36,2,2,1,0,0,14,0,3,0.0
Yerson Mosquera,co COL,Wolves,DF,24-002,5,5,441.0,0,0,2,0,0.3,0.1,0,7,0,0.00,0.00,0.07,0.02,N/a,N/a,N/a,N/a,0.0,0.0,0.00,12.4,205,85.4,3996,90.4,93.5,62.9,16,16,1,1,7,5,1.02,0,0.00,11,7,14,5,13,10,3,10,294,43,170,115,12,7,0,N/a,N/a,168,683,322,1,0,4,1,182,0,6,7,1,2,24,11,6,64.7
Álex Moreno,es ESP,Nott'ham Forest,"DF,MF",31-330,15,11,955.0,0,1,2,0,0.2,1.3,26,34,34,0.00,0.09,0.02,0.12,N/a,N/a,N/a,N/a,0.0,0.0,0.00,23.7,308,72.0,4574,87.6,64.2,35.0,25,25,9,2,34,16,1.51,2,0.19,25,18,39,24,11,5,6,15,559,60,210,202,158,8,21,38.1,38.1,229,1470,864,16,4,13,6,258,34,12,6,0,19,50,3,11,21.4
